Pretty Formula,M,X
LiH,H1-,Li1+
BeH,H1-,Be1+
BH,H1-,B1+
HC,H1+,C1-
HN,H1+,N1-
H2O2,H1+,O1-
HF,H1+,F1-
NaH,H1-,Na1+
MgH,H1-,Mg1+
AlH,H1-,Al1+
SiH,H1-,Si1+
PH,H1-,P1+
HS,H1+,S1-
HCl,H1+,Cl1-
KH,H1-,K1+
CaH,H1-,Ca1+
ScH,H1-,Sc1+
TiH,H1-,Ti1+
VH,H1-,V1+
CrH,H1-,Cr1+
MnH,H1-,Mn1+
FeH,H1-,Fe1+
CoH,H1-,Co1+
NiH,H1-,Ni1+
CuH,H1-,Cu1+
ZnH,H1-,Zn1+
GaH,H1-,Ga1+
GeH,H1-,Ge1+
AsH,H1-,As1+
HBr,H1+,Br1-
RbH,H1-,Rb1+
SrH,H1-,Sr1+
YH,H1-,Y1+
ZrH,H1-,Zr1+
NbH,H1-,Nb1+
MoH,H1-,Mo1+
HRh,H1+,Rh1-
AgH,H1-,Ag1+
CdH,H1-,Cd1+
InH,H1-,In1+
HI,H1+,I1-
CsH,H1-,Cs1+
GdH,H1-,Gd1+
TbH,H1-,Tb1+
HW,H1-,W1+
ReH,H1-,Re1+
HAu,H1+,Au1-
HgH,H1-,Hg1+
TlH,H1-,Tl1+
BiH,H1-,Bi1+
LiH,Li1+,H1-
LiC,Li1+,C1-
LiN,Li1+,N1-
Li2O2,Li1+,O1-
LiF,Li1+,F1-
LiSi,Li1+,Si1-
LiP,Li1+,P1-
LiS,Li1+,S1-
LiCl,Li1+,Cl1-
LiTi,Li1+,Ti1-
LiV,Li1+,V1-
LiCr,Li1+,Cr1-
LiMn,Li1+,Mn1-
LiFe,Li1+,Fe1-
LiCo,Li1+,Co1-
LiNi,Li1+,Ni1-
LiGe,Li1+,Ge1-
LiBr,Li1+,Br1-
LiNb,Li1+,Nb1-
LiMo,Li1+,Mo1-
LiRh,Li1+,Rh1-
LiI,Li1+,I1-
LiTa,Li1+,Ta1-
LiW,Li1+,W1-
LiRe,Li1+,Re1-
LiOs,Li1+,Os1-
LiIr,Li1+,Ir1-
LiPt,Li1+,Pt1-
LiAu,Li1+,Au1-
LiTl,Li1+,Tl1-
BeH,Be1+,H1-
BeC,Be1+,C1-
BeC,Be2+,C2-
BeN,Be1+,N1-
BeN,Be2+,N2-
BeO,Be1+,O1-
BeO,Be2+,O2-
BeF,Be1+,F1-
BeSi,Be1+,Si1-
BeSi,Be2+,Si2-
BeP,Be1+,P1-
BeP,Be2+,P2-
BeS,Be1+,S1-
BeS,Be2+,S2-
BeCl,Be1+,Cl1-
BeV,Be1+,V1-
BeCr,Be1+,Cr1-
BeCr,Be2+,Cr2-
BeFe,Be1+,Fe1-
BeFe,Be2+,Fe2-
BeCo,Be1+,Co1-
BeNi,Be1+,Ni1-
BeGe,Be1+,Ge1-
BeGe,Be2+,Ge2-
BeSe,Be2+,Se2-
BeBr,Be1+,Br1-
BeNb,Be1+,Nb1-
BeMo,Be1+,Mo1-
BeMo,Be2+,Mo2-
BeRu,Be2+,Ru2-
BeRh,Be1+,Rh1-
BeTe,Be2+,Te2-
BeI,Be1+,I1-
BeW,Be1+,W1-
BeW,Be2+,W2-
BeRe,Be1+,Re1-
BeOs,Be1+,Os1-
BeOs,Be2+,Os2-
BeIr,Be1+,Ir1-
BePt,Be1+,Pt1-
BePt,Be2+,Pt2-
BeAu,Be1+,Au1-
BeTl,Be1+,Tl1-
BH,B1+,H1-
BC,B1+,C1-
BC,B2+,C2-
BC,B3+,C3-
BN,B1+,N1-
BN,B2+,N2-
BN,B3+,N3-
BO,B1+,O1-
BO,B2+,O2-
BF,B1+,F1-
BP,B1+,P1-
BP,B2+,P2-
BP,B3+,P3-
BS,B1+,S1-
BS,B2+,S2-
BCl,B1+,Cl1-
BAs,B3+,As3-
BSe,B2+,Se2-
BBr,B1+,Br1-
BMo,B1+,Mo1-
BMo,B2+,Mo2-
BRu,B2+,Ru2-
BRh,B1+,Rh1-
BSb,B3+,Sb3-
BTe,B2+,Te2-
BI,B1+,I1-
BOs,B1+,Os1-
BOs,B2+,Os2-
BIr,B1+,Ir1-
BIr,B3+,Ir3-
BPt,B1+,Pt1-
BPt,B2+,Pt2-
BAu,B1+,Au1-
HC,C1-,H1+
LiC,C1-,Li1+
BeC,C2-,Be2+
BeC,C1-,Be1+
BC,C3-,B3+
BC,C2-,B2+
BC,C1-,B1+
CN,C1+,N1-
CN,C2+,N2-
CN,C3+,N3-
CO,C1+,O1-
CO,C2+,O2-
CF,C1+,F1-
NaC,C1-,Na1+
MgC,C2-,Mg2+
MgC,C1-,Mg1+
AlC,C3-,Al3+
AlC,C2-,Al2+
AlC,C1-,Al1+
SiC,C4-,Si4+
SiC,C3-,Si3+
SiC,C2-,Si2+
SiC,C1-,Si1+
PC,C4-,P4+
PC,C3-,P3+
PC,C2-,P2+
PC,C1-,P1+
CS,C1+,S1-
CS,C2+,S2-
CCl,C1+,Cl1-
KC,C1-,K1+
CaC,C2-,Ca2+
CaC,C1-,Ca1+
ScC,C3-,Sc3+
ScC,C2-,Sc2+
ScC,C1-,Sc1+
TiC,C4-,Ti4+
TiC,C3-,Ti3+
TiC,C2-,Ti2+
TiC,C1-,Ti1+
VC,C4-,V4+
VC,C3-,V3+
VC,C2-,V2+
VC,C1-,V1+
CrC,C4-,Cr4+
CrC,C3-,Cr3+
CrC,C2-,Cr2+
CrC,C1-,Cr1+
MnC,C4-,Mn4+
MnC,C3-,Mn3+
MnC,C2-,Mn2+
MnC,C1-,Mn1+
FeC,C4-,Fe4+
FeC,C3-,Fe3+
FeC,C2-,Fe2+
FeC,C1-,Fe1+
CoC,C4-,Co4+
CoC,C3-,Co3+
CoC,C2-,Co2+
CoC,C1-,Co1+
NiC,C4-,Ni4+
NiC,C3-,Ni3+
NiC,C2-,Ni2+
NiC,C1-,Ni1+
CuC,C4-,Cu4+
CuC,C3-,Cu3+
CuC,C2-,Cu2+
CuC,C1-,Cu1+
ZnC,C2-,Zn2+
ZnC,C1-,Zn1+
GaC,C3-,Ga3+
GaC,C2-,Ga2+
GaC,C1-,Ga1+
GeC,C4-,Ge4+
GeC,C3-,Ge3+
GeC,C2-,Ge2+
GeC,C1-,Ge1+
AsC,C3-,As3+
AsC,C2-,As2+
AsC,C1-,As1+
CBr,C1+,Br1-
RbC,C1-,Rb1+
SrC,C2-,Sr2+
SrC,C1-,Sr1+
YC,C3-,Y3+
YC,C2-,Y2+
YC,C1-,Y1+
ZrC,C4-,Zr4+
ZrC,C3-,Zr3+
ZrC,C2-,Zr2+
ZrC,C1-,Zr1+
NbC,C4-,Nb4+
NbC,C3-,Nb3+
NbC,C2-,Nb2+
NbC,C1-,Nb1+
MoC,C4-,Mo4+
MoC,C3-,Mo3+
MoC,C2-,Mo2+
MoC,C1-,Mo1+
RuC,C4-,Ru4+
RuC,C3-,Ru3+
RuC,C2-,Ru2+
RuC,C1-,Ru1+
RhC,C4-,Rh4+
RhC,C3-,Rh3+
RhC,C2-,Rh2+
RhC,C1-,Rh1+
PdC,C4-,Pd4+
PdC,C2-,Pd2+
PdC,C1-,Pd1+
AgC,C4-,Ag4+
AgC,C3-,Ag3+
AgC,C2-,Ag2+
AgC,C1-,Ag1+
CdC,C2-,Cd2+
CdC,C1-,Cd1+
InC,C3-,In3+
InC,C2-,In2+
InC,C1-,In1+
SnC,C4-,Sn4+
SnC,C2-,Sn2+
SbC,C3-,Sb3+
TeC,C4-,Te4+
TeC,C2-,Te2+
CI,C1+,I1-
CsC,C1-,Cs1+
BaC,C2-,Ba2+
LaC,C3-,La3+
LaC,C2-,La2+
CeC,C4-,Ce4+
CeC,C3-,Ce3+
CeC,C2-,Ce2+
PrC,C4-,Pr4+
PrC,C3-,Pr3+
PrC,C2-,Pr2+
NdC,C4-,Nd4+
NdC,C3-,Nd3+
NdC,C2-,Nd2+
SmC,C3-,Sm3+
SmC,C2-,Sm2+
EuC,C3-,Eu3+
EuC,C2-,Eu2+
GdC,C3-,Gd3+
GdC,C2-,Gd2+
GdC,C1-,Gd1+
TbC,C4-,Tb4+
TbC,C3-,Tb3+
TbC,C2-,Tb2+
TbC,C1-,Tb1+
DyC,C4-,Dy4+
DyC,C3-,Dy3+
DyC,C2-,Dy2+
HoC,C3-,Ho3+
HoC,C2-,Ho2+
ErC,C3-,Er3+
ErC,C2-,Er2+
TmC,C3-,Tm3+
TmC,C2-,Tm2+
YbC,C3-,Yb3+
YbC,C2-,Yb2+
LuC,C3-,Lu3+
HfC,C4-,Hf4+
HfC,C3-,Hf3+
HfC,C2-,Hf2+
TaC,C4-,Ta4+
TaC,C3-,Ta3+
TaC,C2-,Ta2+
WC,C4-,W4+
WC,C3-,W3+
WC,C2-,W2+
WC,C1-,W1+
ReC,C4-,Re4+
ReC,C3-,Re3+
ReC,C2-,Re2+
ReC,C1-,Re1+
OsC,C4-,Os4+
OsC,C3-,Os3+
OsC,C2-,Os2+
OsC,C1-,Os1+
IrC,C4-,Ir4+
IrC,C3-,Ir3+
IrC,C2-,Ir2+
IrC,C1-,Ir1+
PtC,C4-,Pt4+
PtC,C3-,Pt3+
PtC,C2-,Pt2+
PtC,C1-,Pt1+
AuC,C3-,Au3+
AuC,C2-,Au2+
AuC,C1-,Au1+
HgC,C4-,Hg4+
HgC,C2-,Hg2+
HgC,C1-,Hg1+
TlC,C3-,Tl3+
TlC,C1-,Tl1+
PbC,C4-,Pb4+
PbC,C2-,Pb2+
BiC,C3-,Bi3+
BiC,C1-,Bi1+
HN,N1-,H1+
LiN,N1-,Li1+
BeN,N2-,Be2+
BeN,N1-,Be1+
BN,N3-,B3+
BN,N2-,B2+
BN,N1-,B1+
CN,N3-,C3+
CN,N2-,C2+
CN,N1-,C1+
NO,N1+,O1-
NO,N2+,O2-
NF,N1+,F1-
NaN,N1-,Na1+
MgN,N2-,Mg2+
MgN,N1-,Mg1+
AlN,N3-,Al3+
AlN,N2-,Al2+
AlN,N1-,Al1+
SiN,N3-,Si3+
SiN,N2-,Si2+
SiN,N1-,Si1+
PN,N3-,P3+
PN,N2-,P2+
PN,N1-,P1+
SN,N3-,S3+
SN,N2-,S2+
SN,N1-,S1+
NCl,N1+,Cl1-
KN,N1-,K1+
CaN,N2-,Ca2+
CaN,N1-,Ca1+
ScN,N3-,Sc3+
ScN,N2-,Sc2+
ScN,N1-,Sc1+
TiN,N3-,Ti3+
TiN,N2-,Ti2+
TiN,N1-,Ti1+
VN,N3-,V3+
VN,N2-,V2+
VN,N1-,V1+
CrN,N3-,Cr3+
CrN,N2-,Cr2+
CrN,N1-,Cr1+
MnN,N3-,Mn3+
MnN,N2-,Mn2+
MnN,N1-,Mn1+
FeN,N3-,Fe3+
FeN,N2-,Fe2+
FeN,N1-,Fe1+
CoN,N3-,Co3+
CoN,N2-,Co2+
CoN,N1-,Co1+
NiN,N3-,Ni3+
NiN,N2-,Ni2+
NiN,N1-,Ni1+
CuN,N3-,Cu3+
CuN,N2-,Cu2+
CuN,N1-,Cu1+
ZnN,N2-,Zn2+
ZnN,N1-,Zn1+
GaN,N3-,Ga3+
GaN,N2-,Ga2+
GaN,N1-,Ga1+
GeN,N3-,Ge3+
GeN,N2-,Ge2+
GeN,N1-,Ge1+
AsN,N3-,As3+
AsN,N2-,As2+
AsN,N1-,As1+
SeN,N2-,Se2+
SeN,N1-,Se1+
BrN,N3-,Br3+
BrN,N2-,Br2+
BrN,N1-,Br1+
RbN,N1-,Rb1+
SrN,N2-,Sr2+
SrN,N1-,Sr1+
YN,N3-,Y3+
YN,N2-,Y2+
YN,N1-,Y1+
ZrN,N3-,Zr3+
ZrN,N2-,Zr2+
ZrN,N1-,Zr1+
NbN,N3-,Nb3+
NbN,N2-,Nb2+
NbN,N1-,Nb1+
MoN,N3-,Mo3+
MoN,N2-,Mo2+
MoN,N1-,Mo1+
RuN,N3-,Ru3+
RuN,N2-,Ru2+
RuN,N1-,Ru1+
RhN,N3-,Rh3+
RhN,N2-,Rh2+
RhN,N1-,Rh1+
PdN,N2-,Pd2+
PdN,N1-,Pd1+
AgN,N3-,Ag3+
AgN,N2-,Ag2+
AgN,N1-,Ag1+
CdN,N2-,Cd2+
CdN,N1-,Cd1+
InN,N3-,In3+
InN,N2-,In2+
InN,N1-,In1+
SnN,N2-,Sn2+
SbN,N3-,Sb3+
TeN,N2-,Te2+
IN,N3-,I3+
IN,N1-,I1+
CsN,N1-,Cs1+
BaN,N2-,Ba2+
LaN,N3-,La3+
LaN,N2-,La2+
CeN,N3-,Ce3+
CeN,N2-,Ce2+
PrN,N3-,Pr3+
PrN,N2-,Pr2+
NdN,N3-,Nd3+
NdN,N2-,Nd2+
SmN,N3-,Sm3+
SmN,N2-,Sm2+
EuN,N3-,Eu3+
EuN,N2-,Eu2+
GdN,N3-,Gd3+
GdN,N2-,Gd2+
GdN,N1-,Gd1+
TbN,N3-,Tb3+
TbN,N2-,Tb2+
TbN,N1-,Tb1+
DyN,N3-,Dy3+
DyN,N2-,Dy2+
HoN,N3-,Ho3+
HoN,N2-,Ho2+
ErN,N3-,Er3+
ErN,N2-,Er2+
TmN,N3-,Tm3+
TmN,N2-,Tm2+
YbN,N3-,Yb3+
YbN,N2-,Yb2+
LuN,N3-,Lu3+
HfN,N3-,Hf3+
HfN,N2-,Hf2+
TaN,N3-,Ta3+
TaN,N2-,Ta2+
WN,N3-,W3+
WN,N2-,W2+
WN,N1-,W1+
ReN,N3-,Re3+
ReN,N2-,Re2+
ReN,N1-,Re1+
OsN,N3-,Os3+
OsN,N2-,Os2+
OsN,N1-,Os1+
IrN,N3-,Ir3+
IrN,N2-,Ir2+
IrN,N1-,Ir1+
PtN,N3-,Pt3+
PtN,N2-,Pt2+
PtN,N1-,Pt1+
AuN,N3-,Au3+
AuN,N2-,Au2+
AuN,N1-,Au1+
HgN,N2-,Hg2+
HgN,N1-,Hg1+
TlN,N3-,Tl3+
TlN,N1-,Tl1+
PbN,N2-,Pb2+
BiN,N3-,Bi3+
BiN,N1-,Bi1+
H2O2,O1-,H1+
Li2O2,O1-,Li1+
BeO,O2-,Be2+
BeO,O1-,Be1+
BO,O2-,B2+
BO,O1-,B1+
CO,O2-,C2+
CO,O1-,C1+
NO,O2-,N2+
NO,O1-,N1+
OF,O1+,F1-
Na2O2,O1-,Na1+
MgO,O2-,Mg2+
MgO,O1-,Mg1+
AlO,O2-,Al2+
AlO,O1-,Al1+
SiO,O2-,Si2+
SiO,O1-,Si1+
PO,O2-,P2+
PO,O1-,P1+
SO,O2-,S2+
SO,O1-,S1+
ClO,O2-,Cl2+
ClO,O1-,Cl1+
K2O2,O1-,K1+
CaO,O2-,Ca2+
CaO,O1-,Ca1+
ScO,O2-,Sc2+
ScO,O1-,Sc1+
TiO,O2-,Ti2+
TiO,O1-,Ti1+
VO,O2-,V2+
VO,O1-,V1+
CrO,O2-,Cr2+
CrO,O1-,Cr1+
MnO,O2-,Mn2+
MnO,O1-,Mn1+
FeO,O2-,Fe2+
FeO,O1-,Fe1+
CoO,O2-,Co2+
CoO,O1-,Co1+
NiO,O2-,Ni2+
NiO,O1-,Ni1+
CuO,O2-,Cu2+
CuO,O1-,Cu1+
ZnO,O2-,Zn2+
ZnO,O1-,Zn1+
GaO,O2-,Ga2+
GaO,O1-,Ga1+
GeO,O2-,Ge2+
GeO,O1-,Ge1+
AsO,O2-,As2+
AsO,O1-,As1+
SeO,O2-,Se2+
SeO,O1-,Se1+
BrO,O2-,Br2+
BrO,O1-,Br1+
Rb2O2,O1-,Rb1+
SrO,O2-,Sr2+
SrO,O1-,Sr1+
YO,O2-,Y2+
YO,O1-,Y1+
ZrO,O2-,Zr2+
ZrO,O1-,Zr1+
NbO,O2-,Nb2+
NbO,O1-,Nb1+
MoO,O2-,Mo2+
MoO,O1-,Mo1+
RuO,O2-,Ru2+
RuO,O1-,Ru1+
RhO,O2-,Rh2+
RhO,O1-,Rh1+
PdO,O2-,Pd2+
PdO,O1-,Pd1+
AgO,O2-,Ag2+
AgO,O1-,Ag1+
CdO,O2-,Cd2+
CdO,O1-,Cd1+
InO,O2-,In2+
InO,O1-,In1+
SnO,O2-,Sn2+
TeO,O2-,Te2+
IO,O1-,I1+
Cs2O2,O1-,Cs1+
BaO,O2-,Ba2+
LaO,O2-,La2+
CeO,O2-,Ce2+
PrO,O2-,Pr2+
NdO,O2-,Nd2+
SmO,O2-,Sm2+
EuO,O2-,Eu2+
GdO,O2-,Gd2+
GdO,O1-,Gd1+
TbO,O2-,Tb2+
TbO,O1-,Tb1+
DyO,O2-,Dy2+
HoO,O2-,Ho2+
ErO,O2-,Er2+
TmO,O2-,Tm2+
YbO,O2-,Yb2+
HfO,O2-,Hf2+
TaO,O2-,Ta2+
WO,O2-,W2+
WO,O1-,W1+
ReO,O2-,Re2+
ReO,O1-,Re1+
OsO,O2-,Os2+
OsO,O1-,Os1+
IrO,O2-,Ir2+
IrO,O1-,Ir1+
PtO,O2-,Pt2+
PtO,O1-,Pt1+
AuO,O2-,Au2+
AuO,O1-,Au1+
HgO,O2-,Hg2+
HgO,O1-,Hg1+
TlO,O1-,Tl1+
PbO,O2-,Pb2+
BiO,O1-,Bi1+
HF,F1-,H1+
LiF,F1-,Li1+
BeF,F1-,Be1+
BF,F1-,B1+
CF,F1-,C1+
NF,F1-,N1+
OF,F1-,O1+
NaF,F1-,Na1+
MgF,F1-,Mg1+
AlF,F1-,Al1+
SiF,F1-,Si1+
PF,F1-,P1+
SF,F1-,S1+
ClF,F1-,Cl1+
KF,F1-,K1+
CaF,F1-,Ca1+
ScF,F1-,Sc1+
TiF,F1-,Ti1+
VF,F1-,V1+
CrF,F1-,Cr1+
MnF,F1-,Mn1+
FeF,F1-,Fe1+
CoF,F1-,Co1+
NiF,F1-,Ni1+
CuF,F1-,Cu1+
ZnF,F1-,Zn1+
GaF,F1-,Ga1+
GeF,F1-,Ge1+
AsF,F1-,As1+
SeF,F1-,Se1+
BrF,F1-,Br1+
RbF,F1-,Rb1+
SrF,F1-,Sr1+
YF,F1-,Y1+
ZrF,F1-,Zr1+
NbF,F1-,Nb1+
MoF,F1-,Mo1+
RuF,F1-,Ru1+
RhF,F1-,Rh1+
PdF,F1-,Pd1+
AgF,F1-,Ag1+
CdF,F1-,Cd1+
InF,F1-,In1+
IF,F1-,I1+
CsF,F1-,Cs1+
GdF,F1-,Gd1+
TbF,F1-,Tb1+
WF,F1-,W1+
ReF,F1-,Re1+
OsF,F1-,Os1+
IrF,F1-,Ir1+
PtF,F1-,Pt1+
AuF,F1-,Au1+
HgF,F1-,Hg1+
TlF,F1-,Tl1+
BiF,F1-,Bi1+
NaH,Na1+,H1-
NaC,Na1+,C1-
NaN,Na1+,N1-
Na2O2,Na1+,O1-
NaF,Na1+,F1-
NaSi,Na1+,Si1-
NaP,Na1+,P1-
NaS,Na1+,S1-
NaCl,Na1+,Cl1-
KNa,Na1-,K1+
NaTi,Na1+,Ti1-
NaV,Na1+,V1-
NaCr,Na1+,Cr1-
NaMn,Na1+,Mn1-
NaFe,Na1+,Fe1-
NaCo,Na1+,Co1-
NaNi,Na1+,Ni1-
NaGe,Na1+,Ge1-
NaBr,Na1+,Br1-
RbNa,Na1-,Rb1+
NaZr,Na1-,Zr1+
NaNb,Na1+,Nb1-
NaMo,Na1+,Mo1-
NaRh,Na1+,Rh1-
NaI,Na1+,I1-
CsNa,Na1-,Cs1+
NaTa,Na1+,Ta1-
NaW,Na1+,W1-
NaRe,Na1+,Re1-
NaOs,Na1+,Os1-
NaIr,Na1+,Ir1-
NaPt,Na1+,Pt1-
NaAu,Na1+,Au1-
NaTl,Na1+,Tl1-
MgH,Mg1+,H1-
MgC,Mg1+,C1-
MgC,Mg2+,C2-
MgN,Mg1+,N1-
MgN,Mg2+,N2-
MgO,Mg1+,O1-
MgO,Mg2+,O2-
MgF,Mg1+,F1-
MgSi,Mg1+,Si1-
MgSi,Mg2+,Si2-
MgP,Mg1+,P1-
MgP,Mg2+,P2-
MgS,Mg1+,S1-
MgS,Mg2+,S2-
MgCl,Mg1+,Cl1-
MgTi,Mg1+,Ti1-
MgV,Mg1+,V1-
MgCr,Mg1+,Cr1-
MgCr,Mg2+,Cr2-
MgMn,Mg1+,Mn1-
MgMn,Mg2+,Mn2-
MgFe,Mg1+,Fe1-
MgFe,Mg2+,Fe2-
MgCo,Mg1+,Co1-
MgNi,Mg1+,Ni1-
MgGe,Mg1+,Ge1-
MgGe,Mg2+,Ge2-
MgSe,Mg2+,Se2-
MgBr,Mg1+,Br1-
MgNb,Mg1+,Nb1-
MgMo,Mg1+,Mo1-
MgMo,Mg2+,Mo2-
MgRu,Mg2+,Ru2-
MgRh,Mg1+,Rh1-
MgTe,Mg2+,Te2-
MgI,Mg1+,I1-
MgTa,Mg1+,Ta1-
MgW,Mg1+,W1-
MgW,Mg2+,W2-
MgRe,Mg1+,Re1-
MgOs,Mg1+,Os1-
MgOs,Mg2+,Os2-
MgIr,Mg1+,Ir1-
MgPt,Mg1+,Pt1-
MgPt,Mg2+,Pt2-
MgAu,Mg1+,Au1-
MgTl,Mg1+,Tl1-
AlH,Al1+,H1-
AlC,Al1+,C1-
AlC,Al2+,C2-
AlC,Al3+,C3-
AlN,Al1+,N1-
AlN,Al2+,N2-
AlN,Al3+,N3-
AlO,Al1+,O1-
AlO,Al2+,O2-
AlF,Al1+,F1-
AlSi,Al1+,Si1-
AlSi,Al2+,Si2-
AlSi,Al3+,Si3-
AlP,Al1+,P1-
AlP,Al2+,P2-
AlP,Al3+,P3-
AlS,Al1+,S1-
AlS,Al2+,S2-
AlCl,Al1+,Cl1-
AlV,Al1+,V1-
AlCr,Al1+,Cr1-
AlCr,Al2+,Cr2-
AlFe,Al1+,Fe1-
AlFe,Al2+,Fe2-
AlCo,Al1+,Co1-
AlNi,Al1+,Ni1-
AlGe,Al1+,Ge1-
AlGe,Al2+,Ge2-
AlGe,Al3+,Ge3-
AlAs,Al3+,As3-
AlSe,Al2+,Se2-
AlBr,Al1+,Br1-
AlMo,Al1+,Mo1-
AlMo,Al2+,Mo2-
AlRu,Al2+,Ru2-
AlRh,Al1+,Rh1-
AlSb,Al3+,Sb3-
AlTe,Al2+,Te2-
AlI,Al1+,I1-
AlW,Al1+,W1-
AlW,Al2+,W2-
AlRe,Al1+,Re1-
AlRe,Al3+,Re3-
AlOs,Al1+,Os1-
AlOs,Al2+,Os2-
AlIr,Al1+,Ir1-
AlIr,Al3+,Ir3-
AlPt,Al1+,Pt1-
AlPt,Al2+,Pt2-
AlAu,Al1+,Au1-
AlTl,Al1+,Tl1-
AlBi,Al3+,Bi3-
SiH,Si1+,H1-
LiSi,Si1-,Li1+
BeSi,Si2-,Be2+
BeSi,Si1-,Be1+
SiC,Si1+,C1-
SiC,Si2+,C2-
SiC,Si3+,C3-
SiC,Si4+,C4-
SiN,Si1+,N1-
SiN,Si2+,N2-
SiN,Si3+,N3-
SiO,Si1+,O1-
SiO,Si2+,O2-
SiF,Si1+,F1-
NaSi,Si1-,Na1+
MgSi,Si2-,Mg2+
MgSi,Si1-,Mg1+
AlSi,Si3-,Al3+
AlSi,Si2-,Al2+
AlSi,Si1-,Al1+
SiP,Si1+,P1-
SiP,Si2+,P2-
SiP,Si3+,P3-
SiS,Si1+,S1-
SiS,Si2+,S2-
SiCl,Si1+,Cl1-
KSi,Si1-,K1+
CaSi,Si2-,Ca2+
CaSi,Si1-,Ca1+
ScSi,Si3-,Sc3+
ScSi,Si2-,Sc2+
ScSi,Si1-,Sc1+
TiSi,Si4-,Ti4+
TiSi,Si3-,Ti3+
TiSi,Si2-,Ti2+
TiSi,Si1-,Ti1+
VSi,Si4-,V4+
VSi,Si3-,V3+
VSi,Si2-,V2+
VSi,Si1-,V1+
CrSi,Si4-,Cr4+
CrSi,Si3-,Cr3+
CrSi,Si2-,Cr2+
CrSi,Si1-,Cr1+
MnSi,Si4-,Mn4+
MnSi,Si3-,Mn3+
MnSi,Si2-,Mn2+
MnSi,Si1-,Mn1+
FeSi,Si4-,Fe4+
FeSi,Si3-,Fe3+
FeSi,Si2-,Fe2+
FeSi,Si1-,Fe1+
CoSi,Si4-,Co4+
CoSi,Si3-,Co3+
CoSi,Si2-,Co2+
CoSi,Si1-,Co1+
SiNi,Si1+,Ni1-
ZnSi,Si2-,Zn2+
ZnSi,Si1-,Zn1+
GaSi,Si3-,Ga3+
GaSi,Si2-,Ga2+
GaSi,Si1-,Ga1+
SiGe,Si1+,Ge1-
SiGe,Si2+,Ge2-
SiGe,Si3+,Ge3-
SiGe,Si4+,Ge4-
SiAs,Si3+,As3-
SiSe,Si2+,Se2-
SiBr,Si1+,Br1-
RbSi,Si1-,Rb1+
SrSi,Si2-,Sr2+
SrSi,Si1-,Sr1+
YSi,Si3-,Y3+
YSi,Si2-,Y2+
YSi,Si1-,Y1+
ZrSi,Si4-,Zr4+
ZrSi,Si3-,Zr3+
ZrSi,Si2-,Zr2+
ZrSi,Si1-,Zr1+
NbSi,Si4-,Nb4+
NbSi,Si3-,Nb3+
NbSi,Si2-,Nb2+
NbSi,Si1-,Nb1+
SiMo,Si1+,Mo1-
SiMo,Si2+,Mo2-
SiRu,Si2+,Ru2-
SiRh,Si1+,Rh1-
CdSi,Si2-,Cd2+
CdSi,Si1-,Cd1+
InSi,Si3-,In3+
InSi,Si2-,In2+
InSi,Si1-,In1+
SiSn,Si4+,Sn4-
SiSb,Si3+,Sb3-
SiTe,Si2+,Te2-
SiI,Si1+,I1-
CsSi,Si1-,Cs1+
BaSi,Si2-,Ba2+
LaSi,Si3-,La3+
LaSi,Si2-,La2+
CeSi,Si4-,Ce4+
CeSi,Si3-,Ce3+
CeSi,Si2-,Ce2+
PrSi,Si4-,Pr4+
PrSi,Si3-,Pr3+
PrSi,Si2-,Pr2+
NdSi,Si4-,Nd4+
NdSi,Si3-,Nd3+
NdSi,Si2-,Nd2+
SmSi,Si3-,Sm3+
SmSi,Si2-,Sm2+
EuSi,Si3-,Eu3+
EuSi,Si2-,Eu2+
GdSi,Si3-,Gd3+
GdSi,Si2-,Gd2+
GdSi,Si1-,Gd1+
TbSi,Si4-,Tb4+
TbSi,Si3-,Tb3+
TbSi,Si2-,Tb2+
TbSi,Si1-,Tb1+
DySi,Si4-,Dy4+
DySi,Si3-,Dy3+
DySi,Si2-,Dy2+
HoSi,Si3-,Ho3+
HoSi,Si2-,Ho2+
ErSi,Si3-,Er3+
ErSi,Si2-,Er2+
TmSi,Si3-,Tm3+
TmSi,Si2-,Tm2+
YbSi,Si3-,Yb3+
YbSi,Si2-,Yb2+
LuSi,Si3-,Lu3+
HfSi,Si4-,Hf4+
HfSi,Si3-,Hf3+
HfSi,Si2-,Hf2+
TaSi,Si4-,Ta4+
TaSi,Si3-,Ta3+
TaSi,Si2-,Ta2+
SiW,Si4-,W4+
SiW,Si3-,W3+
SiW,Si2-,W2+
SiW,Si1-,W1+
SiOs,Si1+,Os1-
SiOs,Si2+,Os2-
SiIr,Si1+,Ir1-
SiIr,Si3+,Ir3-
SiPt,Si1+,Pt1-
SiPt,Si2+,Pt2-
SiAu,Si1+,Au1-
TlSi,Si3-,Tl3+
TlSi,Si1-,Tl1+
SiPb,Si4-,Pb4+
SiPb,Si2-,Pb2+
PH,P1+,H1-
LiP,P1-,Li1+
BeP,P2-,Be2+
BeP,P1-,Be1+
BP,P3-,B3+
BP,P2-,B2+
BP,P1-,B1+
PC,P1+,C1-
PC,P2+,C2-
PC,P3+,C3-
PC,P4+,C4-
PN,P1+,N1-
PN,P2+,N2-
PN,P3+,N3-
PO,P1+,O1-
PO,P2+,O2-
PF,P1+,F1-
NaP,P1-,Na1+
MgP,P2-,Mg2+
MgP,P1-,Mg1+
AlP,P3-,Al3+
AlP,P2-,Al2+
AlP,P1-,Al1+
SiP,P3-,Si3+
SiP,P2-,Si2+
SiP,P1-,Si1+
PS,P1+,S1-
PS,P2+,S2-
PCl,P1+,Cl1-
KP,P1-,K1+
CaP,P2-,Ca2+
CaP,P1-,Ca1+
ScP,P3-,Sc3+
ScP,P2-,Sc2+
ScP,P1-,Sc1+
TiP,P3-,Ti3+
TiP,P2-,Ti2+
TiP,P1-,Ti1+
VP,P3-,V3+
VP,P2-,V2+
VP,P1-,V1+
CrP,P3-,Cr3+
CrP,P2-,Cr2+
CrP,P1-,Cr1+
MnP,P3-,Mn3+
MnP,P2-,Mn2+
MnP,P1-,Mn1+
FeP,P3-,Fe3+
FeP,P2-,Fe2+
FeP,P1-,Fe1+
CoP,P3-,Co3+
CoP,P2-,Co2+
CoP,P1-,Co1+
NiP,P3-,Ni3+
NiP,P2-,Ni2+
NiP,P1-,Ni1+
CuP,P3-,Cu3+
CuP,P2-,Cu2+
CuP,P1-,Cu1+
ZnP,P2-,Zn2+
ZnP,P1-,Zn1+
GaP,P3-,Ga3+
GaP,P2-,Ga2+
GaP,P1-,Ga1+
GeP,P3-,Ge3+
GeP,P2-,Ge2+
GeP,P1-,Ge1+
AsP,P3-,As3+
AsP,P2-,As2+
AsP,P1-,As1+
PSe,P2+,Se2-
PBr,P1+,Br1-
RbP,P1-,Rb1+
SrP,P2-,Sr2+
SrP,P1-,Sr1+
YP,P3-,Y3+
YP,P2-,Y2+
YP,P1-,Y1+
ZrP,P3-,Zr3+
ZrP,P2-,Zr2+
ZrP,P1-,Zr1+
NbP,P3-,Nb3+
NbP,P2-,Nb2+
NbP,P1-,Nb1+
MoP,P3-,Mo3+
MoP,P2-,Mo2+
MoP,P1-,Mo1+
PRu,P2+,Ru2-
PRh,P1+,Rh1-
AgP,P3-,Ag3+
AgP,P2-,Ag2+
AgP,P1-,Ag1+
CdP,P2-,Cd2+
CdP,P1-,Cd1+
InP,P3-,In3+
InP,P2-,In2+
InP,P1-,In1+
SnP,P2-,Sn2+
SbP,P3-,Sb3+
TeP,P2-,Te2+
PI,P1+,I1-
CsP,P1-,Cs1+
BaP,P2-,Ba2+
LaP,P3-,La3+
LaP,P2-,La2+
CeP,P3-,Ce3+
CeP,P2-,Ce2+
PrP,P3-,Pr3+
PrP,P2-,Pr2+
NdP,P3-,Nd3+
NdP,P2-,Nd2+
SmP,P3-,Sm3+
SmP,P2-,Sm2+
EuP,P3-,Eu3+
EuP,P2-,Eu2+
GdP,P3-,Gd3+
GdP,P2-,Gd2+
GdP,P1-,Gd1+
TbP,P3-,Tb3+
TbP,P2-,Tb2+
TbP,P1-,Tb1+
DyP,P3-,Dy3+
DyP,P2-,Dy2+
HoP,P3-,Ho3+
HoP,P2-,Ho2+
ErP,P3-,Er3+
ErP,P2-,Er2+
TmP,P3-,Tm3+
TmP,P2-,Tm2+
YbP,P3-,Yb3+
YbP,P2-,Yb2+
LuP,P3-,Lu3+
HfP,P3-,Hf3+
HfP,P2-,Hf2+
TaP,P3-,Ta3+
TaP,P2-,Ta2+
PW,P3-,W3+
PW,P2-,W2+
PW,P1-,W1+
ReP,P3-,Re3+
ReP,P2-,Re2+
ReP,P1-,Re1+
POs,P1+,Os1-
POs,P2+,Os2-
PIr,P1+,Ir1-
PIr,P3+,Ir3-
PPt,P1+,Pt1-
PPt,P2+,Pt2-
PAu,P1+,Au1-
HgP,P2-,Hg2+
HgP,P1-,Hg1+
TlP,P3-,Tl3+
TlP,P1-,Tl1+
PPb,P2-,Pb2+
BiP,P3-,Bi3+
BiP,P1-,Bi1+
HS,S1-,H1+
LiS,S1-,Li1+
BeS,S2-,Be2+
BeS,S1-,Be1+
BS,S2-,B2+
BS,S1-,B1+
CS,S2-,C2+
CS,S1-,C1+
SN,S1+,N1-
SN,S2+,N2-
SN,S3+,N3-
SO,S1+,O1-
SO,S2+,O2-
SF,S1+,F1-
NaS,S1-,Na1+
MgS,S2-,Mg2+
MgS,S1-,Mg1+
AlS,S2-,Al2+
AlS,S1-,Al1+
SiS,S2-,Si2+
SiS,S1-,Si1+
PS,S2-,P2+
PS,S1-,P1+
SCl,S1+,Cl1-
KS,S1-,K1+
CaS,S2-,Ca2+
CaS,S1-,Ca1+
ScS,S2-,Sc2+
ScS,S1-,Sc1+
TiS,S2-,Ti2+
TiS,S1-,Ti1+
VS,S2-,V2+
VS,S1-,V1+
CrS,S2-,Cr2+
CrS,S1-,Cr1+
MnS,S2-,Mn2+
MnS,S1-,Mn1+
FeS,S2-,Fe2+
FeS,S1-,Fe1+
CoS,S2-,Co2+
CoS,S1-,Co1+
NiS,S2-,Ni2+
NiS,S1-,Ni1+
CuS,S2-,Cu2+
CuS,S1-,Cu1+
ZnS,S2-,Zn2+
ZnS,S1-,Zn1+
GaS,S2-,Ga2+
GaS,S1-,Ga1+
GeS,S2-,Ge2+
GeS,S1-,Ge1+
AsS,S2-,As2+
AsS,S1-,As1+
SeS,S2-,Se2+
SeS,S1-,Se1+
SBr,S1+,Br1-
RbS,S1-,Rb1+
SrS,S2-,Sr2+
SrS,S1-,Sr1+
YS,S2-,Y2+
YS,S1-,Y1+
ZrS,S2-,Zr2+
ZrS,S1-,Zr1+
NbS,S2-,Nb2+
NbS,S1-,Nb1+
MoS,S2-,Mo2+
MoS,S1-,Mo1+
RuS,S2-,Ru2+
RuS,S1-,Ru1+
RhS,S2-,Rh2+
RhS,S1-,Rh1+
PdS,S2-,Pd2+
PdS,S1-,Pd1+
AgS,S2-,Ag2+
AgS,S1-,Ag1+
CdS,S2-,Cd2+
CdS,S1-,Cd1+
InS,S2-,In2+
InS,S1-,In1+
SnS,S2-,Sn2+
TeS,S2-,Te2+
SI,S1+,I1-
CsS,S1-,Cs1+
BaS,S2-,Ba2+
LaS,S2-,La2+
CeS,S2-,Ce2+
PrS,S2-,Pr2+
NdS,S2-,Nd2+
SmS,S2-,Sm2+
EuS,S2-,Eu2+
GdS,S2-,Gd2+
GdS,S1-,Gd1+
TbS,S2-,Tb2+
TbS,S1-,Tb1+
DyS,S2-,Dy2+
HoS,S2-,Ho2+
ErS,S2-,Er2+
TmS,S2-,Tm2+
YbS,S2-,Yb2+
HfS,S2-,Hf2+
TaS,S2-,Ta2+
WS,S2-,W2+
WS,S1-,W1+
ReS,S2-,Re2+
ReS,S1-,Re1+
OsS,S2-,Os2+
OsS,S1-,Os1+
IrS,S2-,Ir2+
IrS,S1-,Ir1+
PtS,S2-,Pt2+
PtS,S1-,Pt1+
AuS,S2-,Au2+
AuS,S1-,Au1+
HgS,S2-,Hg2+
HgS,S1-,Hg1+
TlS,S1-,Tl1+
PbS,S2-,Pb2+
BiS,S1-,Bi1+
HCl,Cl1-,H1+
LiCl,Cl1-,Li1+
BeCl,Cl1-,Be1+
BCl,Cl1-,B1+
CCl,Cl1-,C1+
NCl,Cl1-,N1+
ClO,Cl1+,O1-
ClO,Cl2+,O2-
ClF,Cl1+,F1-
NaCl,Cl1-,Na1+
MgCl,Cl1-,Mg1+
AlCl,Cl1-,Al1+
SiCl,Cl1-,Si1+
PCl,Cl1-,P1+
SCl,Cl1-,S1+
KCl,Cl1-,K1+
CaCl,Cl1-,Ca1+
ScCl,Cl1-,Sc1+
TiCl,Cl1-,Ti1+
VCl,Cl1-,V1+
CrCl,Cl1-,Cr1+
MnCl,Cl1-,Mn1+
FeCl,Cl1-,Fe1+
CoCl,Cl1-,Co1+
NiCl,Cl1-,Ni1+
CuCl,Cl1-,Cu1+
ZnCl,Cl1-,Zn1+
GaCl,Cl1-,Ga1+
GeCl,Cl1-,Ge1+
AsCl,Cl1-,As1+
SeCl,Cl1-,Se1+
BrCl,Cl1-,Br1+
RbCl,Cl1-,Rb1+
SrCl,Cl1-,Sr1+
YCl,Cl1-,Y1+
ZrCl,Cl1-,Zr1+
NbCl,Cl1-,Nb1+
MoCl,Cl1-,Mo1+
RuCl,Cl1-,Ru1+
RhCl,Cl1-,Rh1+
PdCl,Cl1-,Pd1+
AgCl,Cl1-,Ag1+
CdCl,Cl1-,Cd1+
InCl,Cl1-,In1+
ICl,Cl1-,I1+
CsCl,Cl1-,Cs1+
GdCl,Cl1-,Gd1+
TbCl,Cl1-,Tb1+
WCl,Cl1-,W1+
ReCl,Cl1-,Re1+
OsCl,Cl1-,Os1+
IrCl,Cl1-,Ir1+
PtCl,Cl1-,Pt1+
AuCl,Cl1-,Au1+
HgCl,Cl1-,Hg1+
TlCl,Cl1-,Tl1+
BiCl,Cl1-,Bi1+
KH,K1+,H1-
KC,K1+,C1-
KN,K1+,N1-
K2O2,K1+,O1-
KF,K1+,F1-
KNa,K1+,Na1-
KSi,K1+,Si1-
KP,K1+,P1-
KS,K1+,S1-
KCl,K1+,Cl1-
KTi,K1+,Ti1-
KV,K1+,V1-
KCr,K1+,Cr1-
KMn,K1+,Mn1-
KFe,K1+,Fe1-
KCo,K1+,Co1-
KNi,K1+,Ni1-
KGe,K1+,Ge1-
KBr,K1+,Br1-
KZr,K1-,Zr1+
KNb,K1+,Nb1-
KMo,K1+,Mo1-
KRh,K1+,Rh1-
KI,K1+,I1-
CsK,K1-,Cs1+
KTa,K1+,Ta1-
KW,K1+,W1-
KRe,K1+,Re1-
KOs,K1+,Os1-
KIr,K1+,Ir1-
KPt,K1+,Pt1-
KAu,K1+,Au1-
KTl,K1+,Tl1-
CaH,Ca1+,H1-
CaC,Ca1+,C1-
CaC,Ca2+,C2-
CaN,Ca1+,N1-
CaN,Ca2+,N2-
CaO,Ca1+,O1-
CaO,Ca2+,O2-
CaF,Ca1+,F1-
CaSi,Ca1+,Si1-
CaSi,Ca2+,Si2-
CaP,Ca1+,P1-
CaP,Ca2+,P2-
CaS,Ca1+,S1-
CaS,Ca2+,S2-
CaCl,Ca1+,Cl1-
CaTi,Ca1+,Ti1-
CaV,Ca1+,V1-
CaCr,Ca1+,Cr1-
CaCr,Ca2+,Cr2-
CaMn,Ca1+,Mn1-
CaMn,Ca2+,Mn2-
CaFe,Ca1+,Fe1-
CaFe,Ca2+,Fe2-
CaCo,Ca1+,Co1-
CaNi,Ca1+,Ni1-
CaGe,Ca1+,Ge1-
CaGe,Ca2+,Ge2-
CaSe,Ca2+,Se2-
CaBr,Ca1+,Br1-
CaNb,Ca1+,Nb1-
CaMo,Ca1+,Mo1-
CaMo,Ca2+,Mo2-
CaRu,Ca2+,Ru2-
CaRh,Ca1+,Rh1-
CaTe,Ca2+,Te2-
CaI,Ca1+,I1-
CaTa,Ca1+,Ta1-
CaW,Ca1+,W1-
CaW,Ca2+,W2-
CaRe,Ca1+,Re1-
CaOs,Ca1+,Os1-
CaOs,Ca2+,Os2-
CaIr,Ca1+,Ir1-
CaPt,Ca1+,Pt1-
CaPt,Ca2+,Pt2-
CaAu,Ca1+,Au1-
CaTl,Ca1+,Tl1-
ScH,Sc1+,H1-
ScC,Sc1+,C1-
ScC,Sc2+,C2-
ScC,Sc3+,C3-
ScN,Sc1+,N1-
ScN,Sc2+,N2-
ScN,Sc3+,N3-
ScO,Sc1+,O1-
ScO,Sc2+,O2-
ScF,Sc1+,F1-
ScSi,Sc1+,Si1-
ScSi,Sc2+,Si2-
ScSi,Sc3+,Si3-
ScP,Sc1+,P1-
ScP,Sc2+,P2-
ScP,Sc3+,P3-
ScS,Sc1+,S1-
ScS,Sc2+,S2-
ScCl,Sc1+,Cl1-
ScTi,Sc1+,Ti1-
ScV,Sc1+,V1-
ScCr,Sc1+,Cr1-
ScCr,Sc2+,Cr2-
ScMn,Sc1+,Mn1-
ScMn,Sc2+,Mn2-
ScMn,Sc3+,Mn3-
ScFe,Sc1+,Fe1-
ScFe,Sc2+,Fe2-
ScCo,Sc1+,Co1-
ScNi,Sc1+,Ni1-
ScGe,Sc1+,Ge1-
ScGe,Sc2+,Ge2-
ScGe,Sc3+,Ge3-
ScAs,Sc3+,As3-
ScSe,Sc2+,Se2-
ScBr,Sc1+,Br1-
ScNb,Sc1+,Nb1-
ScMo,Sc1+,Mo1-
ScMo,Sc2+,Mo2-
ScRu,Sc2+,Ru2-
ScRh,Sc1+,Rh1-
ScSb,Sc3+,Sb3-
ScTe,Sc2+,Te2-
ScI,Sc1+,I1-
ScTa,Sc1+,Ta1-
ScW,Sc1+,W1-
ScW,Sc2+,W2-
ScRe,Sc1+,Re1-
ScRe,Sc3+,Re3-
ScOs,Sc1+,Os1-
ScOs,Sc2+,Os2-
ScIr,Sc1+,Ir1-
ScIr,Sc3+,Ir3-
ScPt,Sc1+,Pt1-
ScPt,Sc2+,Pt2-
ScAu,Sc1+,Au1-
ScTl,Sc1+,Tl1-
ScBi,Sc3+,Bi3-
TiH,Ti1+,H1-
LiTi,Ti1-,Li1+
TiC,Ti1+,C1-
TiC,Ti2+,C2-
TiC,Ti3+,C3-
TiC,Ti4+,C4-
TiN,Ti1+,N1-
TiN,Ti2+,N2-
TiN,Ti3+,N3-
TiO,Ti1+,O1-
TiO,Ti2+,O2-
TiF,Ti1+,F1-
NaTi,Ti1-,Na1+
MgTi,Ti1-,Mg1+
TiSi,Ti1+,Si1-
TiSi,Ti2+,Si2-
TiSi,Ti3+,Si3-
TiSi,Ti4+,Si4-
TiP,Ti1+,P1-
TiP,Ti2+,P2-
TiP,Ti3+,P3-
TiS,Ti1+,S1-
TiS,Ti2+,S2-
TiCl,Ti1+,Cl1-
KTi,Ti1-,K1+
CaTi,Ti1-,Ca1+
ScTi,Ti1-,Sc1+
TiV,Ti1+,V1-
TiCr,Ti1+,Cr1-
TiCr,Ti2+,Cr2-
TiMn,Ti1+,Mn1-
TiMn,Ti2+,Mn2-
TiMn,Ti3+,Mn3-
TiFe,Ti1+,Fe1-
TiFe,Ti2+,Fe2-
TiCo,Ti1+,Co1-
TiNi,Ti1+,Ni1-
TiGe,Ti1+,Ge1-
TiGe,Ti2+,Ge2-
TiGe,Ti3+,Ge3-
TiGe,Ti4+,Ge4-
TiAs,Ti3+,As3-
TiSe,Ti2+,Se2-
TiBr,Ti1+,Br1-
RbTi,Ti1-,Rb1+
SrTi,Ti1-,Sr1+
YTi,Ti1-,Y1+
ZrTi,Ti1-,Zr1+
TiNb,Ti1+,Nb1-
TiMo,Ti1+,Mo1-
TiMo,Ti2+,Mo2-
TiRu,Ti2+,Ru2-
TiRh,Ti1+,Rh1-
TiSn,Ti4+,Sn4-
TiSb,Ti3+,Sb3-
TiTe,Ti2+,Te2-
TiI,Ti1+,I1-
CsTi,Ti1-,Cs1+
GdTi,Ti1-,Gd1+
TbTi,Ti1-,Tb1+
TiW,Ti1+,W1-
TiW,Ti2+,W2-
TiRe,Ti1+,Re1-
TiRe,Ti3+,Re3-
TiOs,Ti1+,Os1-
TiOs,Ti2+,Os2-
TiIr,Ti1+,Ir1-
TiIr,Ti3+,Ir3-
TiPt,Ti1+,Pt1-
TiPt,Ti2+,Pt2-
TiAu,Ti1+,Au1-
TiTl,Ti1+,Tl1-
TiPb,Ti4+,Pb4-
TiBi,Ti3+,Bi3-
VH,V1+,H1-
LiV,V1-,Li1+
BeV,V1-,Be1+
VC,V1+,C1-
VC,V2+,C2-
VC,V3+,C3-
VC,V4+,C4-
VN,V1+,N1-
VN,V2+,N2-
VN,V3+,N3-
VO,V1+,O1-
VO,V2+,O2-
VF,V1+,F1-
NaV,V1-,Na1+
MgV,V1-,Mg1+
AlV,V1-,Al1+
VSi,V1+,Si1-
VSi,V2+,Si2-
VSi,V3+,Si3-
VSi,V4+,Si4-
VP,V1+,P1-
VP,V2+,P2-
VP,V3+,P3-
VS,V1+,S1-
VS,V2+,S2-
VCl,V1+,Cl1-
KV,V1-,K1+
CaV,V1-,Ca1+
ScV,V1-,Sc1+
TiV,V1-,Ti1+
VCr,V1+,Cr1-
VCr,V2+,Cr2-
MnV,V1-,Mn1+
VFe,V1+,Fe1-
VFe,V2+,Fe2-
VCo,V1+,Co1-
VNi,V1+,Ni1-
VGe,V1+,Ge1-
VGe,V2+,Ge2-
VGe,V3+,Ge3-
VGe,V4+,Ge4-
VAs,V3+,As3-
VSe,V2+,Se2-
VBr,V1+,Br1-
RbV,V1-,Rb1+
SrV,V1-,Sr1+
YV,V1-,Y1+
ZrV,V1-,Zr1+
NbV,V1-,Nb1+
VMo,V1+,Mo1-
VMo,V2+,Mo2-
VRu,V2+,Ru2-
VRh,V1+,Rh1-
VSn,V4+,Sn4-
VSb,V3+,Sb3-
VTe,V2+,Te2-
VI,V1+,I1-
CsV,V1-,Cs1+
GdV,V1-,Gd1+
TbV,V1-,Tb1+
VW,V1+,W1-
VW,V2+,W2-
VRe,V1+,Re1-
VRe,V3+,Re3-
VOs,V1+,Os1-
VOs,V2+,Os2-
VIr,V1+,Ir1-
VIr,V3+,Ir3-
VPt,V1+,Pt1-
VPt,V2+,Pt2-
VAu,V1+,Au1-
TlV,V1+,Tl1-
VPb,V4+,Pb4-
VBi,V3+,Bi3-
CrH,Cr1+,H1-
LiCr,Cr1-,Li1+
BeCr,Cr2-,Be2+
BeCr,Cr1-,Be1+
CrC,Cr1+,C1-
CrC,Cr2+,C2-
CrC,Cr3+,C3-
CrC,Cr4+,C4-
CrN,Cr1+,N1-
CrN,Cr2+,N2-
CrN,Cr3+,N3-
CrO,Cr1+,O1-
CrO,Cr2+,O2-
CrF,Cr1+,F1-
NaCr,Cr1-,Na1+
MgCr,Cr2-,Mg2+
MgCr,Cr1-,Mg1+
AlCr,Cr2-,Al2+
AlCr,Cr1-,Al1+
CrSi,Cr1+,Si1-
CrSi,Cr2+,Si2-
CrSi,Cr3+,Si3-
CrSi,Cr4+,Si4-
CrP,Cr1+,P1-
CrP,Cr2+,P2-
CrP,Cr3+,P3-
CrS,Cr1+,S1-
CrS,Cr2+,S2-
CrCl,Cr1+,Cl1-
KCr,Cr1-,K1+
CaCr,Cr2-,Ca2+
CaCr,Cr1-,Ca1+
ScCr,Cr2-,Sc2+
ScCr,Cr1-,Sc1+
TiCr,Cr2-,Ti2+
TiCr,Cr1-,Ti1+
VCr,Cr2-,V2+
VCr,Cr1-,V1+
MnCr,Cr2-,Mn2+
MnCr,Cr1-,Mn1+
CrFe,Cr1+,Fe1-
CrFe,Cr2+,Fe2-
CrCo,Cr1+,Co1-
CrNi,Cr1+,Ni1-
ZnCr,Cr2-,Zn2+
ZnCr,Cr1-,Zn1+
CrGe,Cr1+,Ge1-
CrGe,Cr2+,Ge2-
CrGe,Cr3+,Ge3-
CrGe,Cr4+,Ge4-
CrAs,Cr3+,As3-
CrSe,Cr2+,Se2-
CrBr,Cr1+,Br1-
RbCr,Cr1-,Rb1+
SrCr,Cr2-,Sr2+
SrCr,Cr1-,Sr1+
YCr,Cr2-,Y2+
YCr,Cr1-,Y1+
ZrCr,Cr2-,Zr2+
ZrCr,Cr1-,Zr1+
NbCr,Cr2-,Nb2+
NbCr,Cr1-,Nb1+
CrMo,Cr1+,Mo1-
CrMo,Cr2+,Mo2-
CrRu,Cr2+,Ru2-
CrRh,Cr1+,Rh1-
CrSn,Cr4+,Sn4-
CrSb,Cr3+,Sb3-
CrTe,Cr2+,Te2-
CrI,Cr1+,I1-
CsCr,Cr1-,Cs1+
BaCr,Cr2-,Ba2+
LaCr,Cr2-,La2+
CeCr,Cr2-,Ce2+
PrCr,Cr2-,Pr2+
NdCr,Cr2-,Nd2+
SmCr,Cr2-,Sm2+
EuCr,Cr2-,Eu2+
GdCr,Cr2-,Gd2+
GdCr,Cr1-,Gd1+
TbCr,Cr2-,Tb2+
TbCr,Cr1-,Tb1+
DyCr,Cr2-,Dy2+
HoCr,Cr2-,Ho2+
ErCr,Cr2-,Er2+
TmCr,Cr2-,Tm2+
YbCr,Cr2-,Yb2+
HfCr,Cr2-,Hf2+
TaCr,Cr2-,Ta2+
CrW,Cr1+,W1-
CrW,Cr2+,W2-
CrRe,Cr1+,Re1-
CrRe,Cr3+,Re3-
CrOs,Cr1+,Os1-
CrOs,Cr2+,Os2-
CrIr,Cr1+,Ir1-
CrIr,Cr3+,Ir3-
CrPt,Cr1+,Pt1-
CrPt,Cr2+,Pt2-
CrAu,Cr1+,Au1-
TlCr,Cr1+,Tl1-
CrPb,Cr4+,Pb4-
CrBi,Cr3+,Bi3-
MnH,Mn1+,H1-
LiMn,Mn1-,Li1+
MnC,Mn1+,C1-
MnC,Mn2+,C2-
MnC,Mn3+,C3-
MnC,Mn4+,C4-
MnN,Mn1+,N1-
MnN,Mn2+,N2-
MnN,Mn3+,N3-
MnO,Mn1+,O1-
MnO,Mn2+,O2-
MnF,Mn1+,F1-
NaMn,Mn1-,Na1+
MgMn,Mn2-,Mg2+
MgMn,Mn1-,Mg1+
MnSi,Mn1+,Si1-
MnSi,Mn2+,Si2-
MnSi,Mn3+,Si3-
MnSi,Mn4+,Si4-
MnP,Mn1+,P1-
MnP,Mn2+,P2-
MnP,Mn3+,P3-
MnS,Mn1+,S1-
MnS,Mn2+,S2-
MnCl,Mn1+,Cl1-
KMn,Mn1-,K1+
CaMn,Mn2-,Ca2+
CaMn,Mn1-,Ca1+
ScMn,Mn3-,Sc3+
ScMn,Mn2-,Sc2+
ScMn,Mn1-,Sc1+
TiMn,Mn3-,Ti3+
TiMn,Mn2-,Ti2+
TiMn,Mn1-,Ti1+
MnV,Mn1+,V1-
MnCr,Mn1+,Cr1-
MnCr,Mn2+,Cr2-
MnFe,Mn1+,Fe1-
MnFe,Mn2+,Fe2-
MnCo,Mn1+,Co1-
MnNi,Mn1+,Ni1-
MnGe,Mn1+,Ge1-
MnGe,Mn2+,Ge2-
MnGe,Mn3+,Ge3-
MnGe,Mn4+,Ge4-
MnAs,Mn3+,As3-
MnSe,Mn2+,Se2-
MnBr,Mn1+,Br1-
RbMn,Mn1-,Rb1+
SrMn,Mn2-,Sr2+
SrMn,Mn1-,Sr1+
YMn,Mn3-,Y3+
YMn,Mn2-,Y2+
YMn,Mn1-,Y1+
ZrMn,Mn3-,Zr3+
ZrMn,Mn2-,Zr2+
ZrMn,Mn1-,Zr1+
MnNb,Mn1+,Nb1-
MnMo,Mn1+,Mo1-
MnMo,Mn2+,Mo2-
MnRu,Mn2+,Ru2-
MnRh,Mn1+,Rh1-
MnSn,Mn4+,Sn4-
MnSb,Mn3+,Sb3-
MnTe,Mn2+,Te2-
MnI,Mn1+,I1-
CsMn,Mn1-,Cs1+
BaMn,Mn2-,Ba2+
LaMn,Mn3-,La3+
LaMn,Mn2-,La2+
CeMn,Mn3-,Ce3+
CeMn,Mn2-,Ce2+
PrMn,Mn3-,Pr3+
PrMn,Mn2-,Pr2+
NdMn,Mn3-,Nd3+
NdMn,Mn2-,Nd2+
SmMn,Mn3-,Sm3+
SmMn,Mn2-,Sm2+
EuMn,Mn3-,Eu3+
EuMn,Mn2-,Eu2+
GdMn,Mn3-,Gd3+
GdMn,Mn2-,Gd2+
GdMn,Mn1-,Gd1+
TbMn,Mn3-,Tb3+
TbMn,Mn2-,Tb2+
TbMn,Mn1-,Tb1+
DyMn,Mn3-,Dy3+
DyMn,Mn2-,Dy2+
HoMn,Mn3-,Ho3+
HoMn,Mn2-,Ho2+
ErMn,Mn3-,Er3+
ErMn,Mn2-,Er2+
TmMn,Mn3-,Tm3+
TmMn,Mn2-,Tm2+
YbMn,Mn3-,Yb3+
YbMn,Mn2-,Yb2+
LuMn,Mn3-,Lu3+
HfMn,Mn3-,Hf3+
HfMn,Mn2-,Hf2+
TaMn,Mn3-,Ta3+
TaMn,Mn2-,Ta2+
MnW,Mn1+,W1-
MnW,Mn2+,W2-
MnRe,Mn1+,Re1-
MnRe,Mn3+,Re3-
MnOs,Mn1+,Os1-
MnOs,Mn2+,Os2-
MnIr,Mn1+,Ir1-
MnIr,Mn3+,Ir3-
MnPt,Mn1+,Pt1-
MnPt,Mn2+,Pt2-
MnAu,Mn1+,Au1-
MnTl,Mn1+,Tl1-
MnPb,Mn4+,Pb4-
MnBi,Mn3+,Bi3-
FeH,Fe1+,H1-
LiFe,Fe1-,Li1+
BeFe,Fe2-,Be2+
BeFe,Fe1-,Be1+
FeC,Fe1+,C1-
FeC,Fe2+,C2-
FeC,Fe3+,C3-
FeC,Fe4+,C4-
FeN,Fe1+,N1-
FeN,Fe2+,N2-
FeN,Fe3+,N3-
FeO,Fe1+,O1-
FeO,Fe2+,O2-
FeF,Fe1+,F1-
NaFe,Fe1-,Na1+
MgFe,Fe2-,Mg2+
MgFe,Fe1-,Mg1+
AlFe,Fe2-,Al2+
AlFe,Fe1-,Al1+
FeSi,Fe1+,Si1-
FeSi,Fe2+,Si2-
FeSi,Fe3+,Si3-
FeSi,Fe4+,Si4-
FeP,Fe1+,P1-
FeP,Fe2+,P2-
FeP,Fe3+,P3-
FeS,Fe1+,S1-
FeS,Fe2+,S2-
FeCl,Fe1+,Cl1-
KFe,Fe1-,K1+
CaFe,Fe2-,Ca2+
CaFe,Fe1-,Ca1+
ScFe,Fe2-,Sc2+
ScFe,Fe1-,Sc1+
TiFe,Fe2-,Ti2+
TiFe,Fe1-,Ti1+
VFe,Fe2-,V2+
VFe,Fe1-,V1+
CrFe,Fe2-,Cr2+
CrFe,Fe1-,Cr1+
MnFe,Fe2-,Mn2+
MnFe,Fe1-,Mn1+
FeCo,Fe1+,Co1-
FeNi,Fe1+,Ni1-
ZnFe,Fe2-,Zn2+
ZnFe,Fe1-,Zn1+
GaFe,Fe2-,Ga2+
GaFe,Fe1-,Ga1+
FeGe,Fe1+,Ge1-
FeGe,Fe2+,Ge2-
FeGe,Fe3+,Ge3-
FeGe,Fe4+,Ge4-
FeAs,Fe3+,As3-
FeSe,Fe2+,Se2-
FeBr,Fe1+,Br1-
RbFe,Fe1-,Rb1+
SrFe,Fe2-,Sr2+
SrFe,Fe1-,Sr1+
YFe,Fe2-,Y2+
YFe,Fe1-,Y1+
ZrFe,Fe2-,Zr2+
ZrFe,Fe1-,Zr1+
NbFe,Fe2-,Nb2+
NbFe,Fe1-,Nb1+
FeMo,Fe1+,Mo1-
FeMo,Fe2+,Mo2-
FeRu,Fe2+,Ru2-
FeRh,Fe1+,Rh1-
CdFe,Fe2-,Cd2+
CdFe,Fe1-,Cd1+
InFe,Fe2-,In2+
InFe,Fe1-,In1+
FeSn,Fe4+,Sn4-
FeSb,Fe3+,Sb3-
FeTe,Fe2+,Te2-
FeI,Fe1+,I1-
CsFe,Fe1-,Cs1+
BaFe,Fe2-,Ba2+
LaFe,Fe2-,La2+
CeFe,Fe2-,Ce2+
PrFe,Fe2-,Pr2+
NdFe,Fe2-,Nd2+
SmFe,Fe2-,Sm2+
EuFe,Fe2-,Eu2+
GdFe,Fe2-,Gd2+
GdFe,Fe1-,Gd1+
TbFe,Fe2-,Tb2+
TbFe,Fe1-,Tb1+
DyFe,Fe2-,Dy2+
HoFe,Fe2-,Ho2+
ErFe,Fe2-,Er2+
TmFe,Fe2-,Tm2+
YbFe,Fe2-,Yb2+
HfFe,Fe2-,Hf2+
TaFe,Fe2-,Ta2+
FeW,Fe2-,W2+
FeW,Fe1-,W1+
FeRe,Fe1+,Re1-
FeRe,Fe3+,Re3-
FeOs,Fe1+,Os1-
FeOs,Fe2+,Os2-
FeIr,Fe1+,Ir1-
FeIr,Fe3+,Ir3-
FePt,Fe1+,Pt1-
FePt,Fe2+,Pt2-
FeAu,Fe1+,Au1-
TlFe,Fe1-,Tl1+
FePb,Fe2-,Pb2+
FeBi,Fe3+,Bi3-
CoH,Co1+,H1-
LiCo,Co1-,Li1+
BeCo,Co1-,Be1+
CoC,Co1+,C1-
CoC,Co2+,C2-
CoC,Co3+,C3-
CoC,Co4+,C4-
CoN,Co1+,N1-
CoN,Co2+,N2-
CoN,Co3+,N3-
CoO,Co1+,O1-
CoO,Co2+,O2-
CoF,Co1+,F1-
NaCo,Co1-,Na1+
MgCo,Co1-,Mg1+
AlCo,Co1-,Al1+
CoSi,Co1+,Si1-
CoSi,Co2+,Si2-
CoSi,Co3+,Si3-
CoSi,Co4+,Si4-
CoP,Co1+,P1-
CoP,Co2+,P2-
CoP,Co3+,P3-
CoS,Co1+,S1-
CoS,Co2+,S2-
CoCl,Co1+,Cl1-
KCo,Co1-,K1+
CaCo,Co1-,Ca1+
ScCo,Co1-,Sc1+
TiCo,Co1-,Ti1+
VCo,Co1-,V1+
CrCo,Co1-,Cr1+
MnCo,Co1-,Mn1+
FeCo,Co1-,Fe1+
CoNi,Co1+,Ni1-
ZnCo,Co1-,Zn1+
GaCo,Co1-,Ga1+
CoGe,Co1+,Ge1-
CoGe,Co2+,Ge2-
CoGe,Co3+,Ge3-
CoGe,Co4+,Ge4-
CoAs,Co3+,As3-
CoSe,Co2+,Se2-
CoBr,Co1+,Br1-
RbCo,Co1-,Rb1+
SrCo,Co1-,Sr1+
YCo,Co1-,Y1+
ZrCo,Co1-,Zr1+
NbCo,Co1-,Nb1+
CoMo,Co1+,Mo1-
CoMo,Co2+,Mo2-
CoRu,Co2+,Ru2-
CoRh,Co1+,Rh1-
CdCo,Co1-,Cd1+
InCo,Co1-,In1+
CoSn,Co4+,Sn4-
CoSb,Co3+,Sb3-
CoTe,Co2+,Te2-
CoI,Co1+,I1-
CsCo,Co1-,Cs1+
GdCo,Co1-,Gd1+
TbCo,Co1-,Tb1+
CoW,Co1-,W1+
CoRe,Co1+,Re1-
CoRe,Co3+,Re3-
CoOs,Co1+,Os1-
CoOs,Co2+,Os2-
CoIr,Co1+,Ir1-
CoIr,Co3+,Ir3-
CoPt,Co1+,Pt1-
CoPt,Co2+,Pt2-
CoAu,Co1+,Au1-
TlCo,Co1-,Tl1+
CoBi,Co3+,Bi3-
NiH,Ni1+,H1-
LiNi,Ni1-,Li1+
BeNi,Ni1-,Be1+
NiC,Ni1+,C1-
NiC,Ni2+,C2-
NiC,Ni3+,C3-
NiC,Ni4+,C4-
NiN,Ni1+,N1-
NiN,Ni2+,N2-
NiN,Ni3+,N3-
NiO,Ni1+,O1-
NiO,Ni2+,O2-
NiF,Ni1+,F1-
NaNi,Ni1-,Na1+
MgNi,Ni1-,Mg1+
AlNi,Ni1-,Al1+
SiNi,Ni1-,Si1+
NiP,Ni1+,P1-
NiP,Ni2+,P2-
NiP,Ni3+,P3-
NiS,Ni1+,S1-
NiS,Ni2+,S2-
NiCl,Ni1+,Cl1-
KNi,Ni1-,K1+
CaNi,Ni1-,Ca1+
ScNi,Ni1-,Sc1+
TiNi,Ni1-,Ti1+
VNi,Ni1-,V1+
CrNi,Ni1-,Cr1+
MnNi,Ni1-,Mn1+
FeNi,Ni1-,Fe1+
CoNi,Ni1-,Co1+
CuNi,Ni1-,Cu1+
ZnNi,Ni1-,Zn1+
GaNi,Ni1-,Ga1+
NiGe,Ni1+,Ge1-
NiGe,Ni2+,Ge2-
NiGe,Ni3+,Ge3-
NiGe,Ni4+,Ge4-
NiAs,Ni3+,As3-
NiSe,Ni2+,Se2-
NiBr,Ni1+,Br1-
RbNi,Ni1-,Rb1+
SrNi,Ni1-,Sr1+
YNi,Ni1-,Y1+
ZrNi,Ni1-,Zr1+
NbNi,Ni1-,Nb1+
NiMo,Ni1+,Mo1-
NiMo,Ni2+,Mo2-
NiRu,Ni2+,Ru2-
NiRh,Ni1+,Rh1-
CdNi,Ni1-,Cd1+
InNi,Ni1-,In1+
NiSn,Ni4+,Sn4-
NiSb,Ni3+,Sb3-
NiTe,Ni2+,Te2-
NiI,Ni1+,I1-
CsNi,Ni1-,Cs1+
GdNi,Ni1-,Gd1+
TbNi,Ni1-,Tb1+
NiW,Ni1-,W1+
ReNi,Ni1-,Re1+
NiOs,Ni1+,Os1-
NiOs,Ni2+,Os2-
NiIr,Ni1+,Ir1-
NiIr,Ni3+,Ir3-
NiPt,Ni1+,Pt1-
NiPt,Ni2+,Pt2-
NiAu,Ni1+,Au1-
NiHg,Ni1-,Hg1+
TlNi,Ni1-,Tl1+
NiBi,Ni1-,Bi1+
CuH,Cu1+,H1-
CuC,Cu1+,C1-
CuC,Cu2+,C2-
CuC,Cu3+,C3-
CuC,Cu4+,C4-
CuN,Cu1+,N1-
CuN,Cu2+,N2-
CuN,Cu3+,N3-
CuO,Cu1+,O1-
CuO,Cu2+,O2-
CuF,Cu1+,F1-
CuP,Cu1+,P1-
CuP,Cu2+,P2-
CuP,Cu3+,P3-
CuS,Cu1+,S1-
CuS,Cu2+,S2-
CuCl,Cu1+,Cl1-
CuNi,Cu1+,Ni1-
CuGe,Cu1+,Ge1-
CuGe,Cu2+,Ge2-
CuGe,Cu3+,Ge3-
CuGe,Cu4+,Ge4-
CuAs,Cu3+,As3-
CuSe,Cu2+,Se2-
CuBr,Cu1+,Br1-
CuMo,Cu1+,Mo1-
CuMo,Cu2+,Mo2-
CuRu,Cu2+,Ru2-
CuRh,Cu1+,Rh1-
CuSn,Cu4+,Sn4-
CuSb,Cu3+,Sb3-
CuTe,Cu2+,Te2-
CuI,Cu1+,I1-
CuOs,Cu1+,Os1-
CuOs,Cu2+,Os2-
CuIr,Cu1+,Ir1-
CuIr,Cu3+,Ir3-
CuPt,Cu1+,Pt1-
CuPt,Cu2+,Pt2-
CuAu,Cu1+,Au1-
ZnH,Zn1+,H1-
ZnC,Zn1+,C1-
ZnC,Zn2+,C2-
ZnN,Zn1+,N1-
ZnN,Zn2+,N2-
ZnO,Zn1+,O1-
ZnO,Zn2+,O2-
ZnF,Zn1+,F1-
ZnSi,Zn1+,Si1-
ZnSi,Zn2+,Si2-
ZnP,Zn1+,P1-
ZnP,Zn2+,P2-
ZnS,Zn1+,S1-
ZnS,Zn2+,S2-
ZnCl,Zn1+,Cl1-
ZnCr,Zn1+,Cr1-
ZnCr,Zn2+,Cr2-
ZnFe,Zn1+,Fe1-
ZnFe,Zn2+,Fe2-
ZnCo,Zn1+,Co1-
ZnNi,Zn1+,Ni1-
ZnGe,Zn1+,Ge1-
ZnGe,Zn2+,Ge2-
ZnSe,Zn2+,Se2-
ZnBr,Zn1+,Br1-
ZnMo,Zn1+,Mo1-
ZnMo,Zn2+,Mo2-
ZnRu,Zn2+,Ru2-
ZnRh,Zn1+,Rh1-
ZnTe,Zn2+,Te2-
ZnI,Zn1+,I1-
ZnW,Zn1+,W1-
ZnW,Zn2+,W2-
ZnRe,Zn1+,Re1-
ZnOs,Zn1+,Os1-
ZnOs,Zn2+,Os2-
ZnIr,Zn1+,Ir1-
ZnPt,Zn1+,Pt1-
ZnPt,Zn2+,Pt2-
ZnAu,Zn1+,Au1-
TlZn,Zn1+,Tl1-
GaH,Ga1+,H1-
GaC,Ga1+,C1-
GaC,Ga2+,C2-
GaC,Ga3+,C3-
GaN,Ga1+,N1-
GaN,Ga2+,N2-
GaN,Ga3+,N3-
GaO,Ga1+,O1-
GaO,Ga2+,O2-
GaF,Ga1+,F1-
GaSi,Ga1+,Si1-
GaSi,Ga2+,Si2-
GaSi,Ga3+,Si3-
GaP,Ga1+,P1-
GaP,Ga2+,P2-
GaP,Ga3+,P3-
GaS,Ga1+,S1-
GaS,Ga2+,S2-
GaCl,Ga1+,Cl1-
GaFe,Ga1+,Fe1-
GaFe,Ga2+,Fe2-
GaCo,Ga1+,Co1-
GaNi,Ga1+,Ni1-
GaGe,Ga1+,Ge1-
GaGe,Ga2+,Ge2-
GaGe,Ga3+,Ge3-
GaAs,Ga3+,As3-
GaSe,Ga2+,Se2-
GaBr,Ga1+,Br1-
GaMo,Ga1+,Mo1-
GaMo,Ga2+,Mo2-
GaRu,Ga2+,Ru2-
GaRh,Ga1+,Rh1-
GaSb,Ga3+,Sb3-
GaTe,Ga2+,Te2-
GaI,Ga1+,I1-
GaRe,Ga1+,Re1-
GaRe,Ga3+,Re3-
GaOs,Ga1+,Os1-
GaOs,Ga2+,Os2-
GaIr,Ga1+,Ir1-
GaIr,Ga3+,Ir3-
GaPt,Ga1+,Pt1-
GaPt,Ga2+,Pt2-
GaAu,Ga1+,Au1-
GaBi,Ga3+,Bi3-
GeH,Ge1+,H1-
LiGe,Ge1-,Li1+
BeGe,Ge2-,Be2+
BeGe,Ge1-,Be1+
GeC,Ge1+,C1-
GeC,Ge2+,C2-
GeC,Ge3+,C3-
GeC,Ge4+,C4-
GeN,Ge1+,N1-
GeN,Ge2+,N2-
GeN,Ge3+,N3-
GeO,Ge1+,O1-
GeO,Ge2+,O2-
GeF,Ge1+,F1-
NaGe,Ge1-,Na1+
MgGe,Ge2-,Mg2+
MgGe,Ge1-,Mg1+
AlGe,Ge3-,Al3+
AlGe,Ge2-,Al2+
AlGe,Ge1-,Al1+
SiGe,Ge4-,Si4+
SiGe,Ge3-,Si3+
SiGe,Ge2-,Si2+
SiGe,Ge1-,Si1+
GeP,Ge1+,P1-
GeP,Ge2+,P2-
GeP,Ge3+,P3-
GeS,Ge1+,S1-
GeS,Ge2+,S2-
GeCl,Ge1+,Cl1-
KGe,Ge1-,K1+
CaGe,Ge2-,Ca2+
CaGe,Ge1-,Ca1+
ScGe,Ge3-,Sc3+
ScGe,Ge2-,Sc2+
ScGe,Ge1-,Sc1+
TiGe,Ge4-,Ti4+
TiGe,Ge3-,Ti3+
TiGe,Ge2-,Ti2+
TiGe,Ge1-,Ti1+
VGe,Ge4-,V4+
VGe,Ge3-,V3+
VGe,Ge2-,V2+
VGe,Ge1-,V1+
CrGe,Ge4-,Cr4+
CrGe,Ge3-,Cr3+
CrGe,Ge2-,Cr2+
CrGe,Ge1-,Cr1+
MnGe,Ge4-,Mn4+
MnGe,Ge3-,Mn3+
MnGe,Ge2-,Mn2+
MnGe,Ge1-,Mn1+
FeGe,Ge4-,Fe4+
FeGe,Ge3-,Fe3+
FeGe,Ge2-,Fe2+
FeGe,Ge1-,Fe1+
CoGe,Ge4-,Co4+
CoGe,Ge3-,Co3+
CoGe,Ge2-,Co2+
CoGe,Ge1-,Co1+
NiGe,Ge4-,Ni4+
NiGe,Ge3-,Ni3+
NiGe,Ge2-,Ni2+
NiGe,Ge1-,Ni1+
CuGe,Ge4-,Cu4+
CuGe,Ge3-,Cu3+
CuGe,Ge2-,Cu2+
CuGe,Ge1-,Cu1+
ZnGe,Ge2-,Zn2+
ZnGe,Ge1-,Zn1+
GaGe,Ge3-,Ga3+
GaGe,Ge2-,Ga2+
GaGe,Ge1-,Ga1+
GeAs,Ge3+,As3-
GeSe,Ge2+,Se2-
GeBr,Ge1+,Br1-
RbGe,Ge1-,Rb1+
SrGe,Ge2-,Sr2+
SrGe,Ge1-,Sr1+
YGe,Ge3-,Y3+
YGe,Ge2-,Y2+
YGe,Ge1-,Y1+
ZrGe,Ge4-,Zr4+
ZrGe,Ge3-,Zr3+
ZrGe,Ge2-,Zr2+
ZrGe,Ge1-,Zr1+
NbGe,Ge4-,Nb4+
NbGe,Ge3-,Nb3+
NbGe,Ge2-,Nb2+
NbGe,Ge1-,Nb1+
GeMo,Ge1+,Mo1-
GeMo,Ge2+,Mo2-
GeRu,Ge2+,Ru2-
GeRh,Ge1+,Rh1-
AgGe,Ge4-,Ag4+
AgGe,Ge3-,Ag3+
AgGe,Ge2-,Ag2+
AgGe,Ge1-,Ag1+
CdGe,Ge2-,Cd2+
CdGe,Ge1-,Cd1+
InGe,Ge3-,In3+
InGe,Ge2-,In2+
InGe,Ge1-,In1+
SnGe,Ge4-,Sn4+
SnGe,Ge2-,Sn2+
GeSb,Ge3+,Sb3-
GeTe,Ge2+,Te2-
GeI,Ge1+,I1-
CsGe,Ge1-,Cs1+
BaGe,Ge2-,Ba2+
LaGe,Ge3-,La3+
LaGe,Ge2-,La2+
CeGe,Ge4-,Ce4+
CeGe,Ge3-,Ce3+
CeGe,Ge2-,Ce2+
PrGe,Ge4-,Pr4+
PrGe,Ge3-,Pr3+
PrGe,Ge2-,Pr2+
NdGe,Ge4-,Nd4+
NdGe,Ge3-,Nd3+
NdGe,Ge2-,Nd2+
SmGe,Ge3-,Sm3+
SmGe,Ge2-,Sm2+
EuGe,Ge3-,Eu3+
EuGe,Ge2-,Eu2+
GdGe,Ge3-,Gd3+
GdGe,Ge2-,Gd2+
GdGe,Ge1-,Gd1+
TbGe,Ge4-,Tb4+
TbGe,Ge3-,Tb3+
TbGe,Ge2-,Tb2+
TbGe,Ge1-,Tb1+
DyGe,Ge4-,Dy4+
DyGe,Ge3-,Dy3+
DyGe,Ge2-,Dy2+
HoGe,Ge3-,Ho3+
HoGe,Ge2-,Ho2+
ErGe,Ge3-,Er3+
ErGe,Ge2-,Er2+
TmGe,Ge3-,Tm3+
TmGe,Ge2-,Tm2+
YbGe,Ge3-,Yb3+
YbGe,Ge2-,Yb2+
LuGe,Ge3-,Lu3+
HfGe,Ge4-,Hf4+
HfGe,Ge3-,Hf3+
HfGe,Ge2-,Hf2+
TaGe,Ge4-,Ta4+
TaGe,Ge3-,Ta3+
TaGe,Ge2-,Ta2+
GeW,Ge4-,W4+
GeW,Ge3-,W3+
GeW,Ge2-,W2+
GeW,Ge1-,W1+
ReGe,Ge4-,Re4+
ReGe,Ge3-,Re3+
ReGe,Ge2-,Re2+
ReGe,Ge1-,Re1+
GeOs,Ge1+,Os1-
GeOs,Ge2+,Os2-
GeIr,Ge1+,Ir1-
GeIr,Ge3+,Ir3-
GePt,Ge1+,Pt1-
GePt,Ge2+,Pt2-
GeAu,Ge1+,Au1-
HgGe,Ge4-,Hg4+
HgGe,Ge2-,Hg2+
HgGe,Ge1-,Hg1+
TlGe,Ge3-,Tl3+
TlGe,Ge1-,Tl1+
GePb,Ge4-,Pb4+
GePb,Ge2-,Pb2+
GeBi,Ge3-,Bi3+
GeBi,Ge1-,Bi1+
AsH,As1+,H1-
BAs,As3-,B3+
AsC,As1+,C1-
AsC,As2+,C2-
AsC,As3+,C3-
AsN,As1+,N1-
AsN,As2+,N2-
AsN,As3+,N3-
AsO,As1+,O1-
AsO,As2+,O2-
AsF,As1+,F1-
AlAs,As3-,Al3+
SiAs,As3-,Si3+
AsP,As1+,P1-
AsP,As2+,P2-
AsP,As3+,P3-
AsS,As1+,S1-
AsS,As2+,S2-
AsCl,As1+,Cl1-
ScAs,As3-,Sc3+
TiAs,As3-,Ti3+
VAs,As3-,V3+
CrAs,As3-,Cr3+
MnAs,As3-,Mn3+
FeAs,As3-,Fe3+
CoAs,As3-,Co3+
NiAs,As3-,Ni3+
CuAs,As3-,Cu3+
GaAs,As3-,Ga3+
GeAs,As3-,Ge3+
AsSe,As2+,Se2-
AsBr,As1+,Br1-
YAs,As3-,Y3+
ZrAs,As3-,Zr3+
NbAs,As3-,Nb3+
MoAs,As3-,Mo3+
AsRu,As2+,Ru2-
AsRh,As1+,Rh1-
AgAs,As3-,Ag3+
InAs,As3-,In3+
SbAs,As3-,Sb3+
AsI,As1+,I1-
LaAs,As3-,La3+
CeAs,As3-,Ce3+
PrAs,As3-,Pr3+
NdAs,As3-,Nd3+
SmAs,As3-,Sm3+
EuAs,As3-,Eu3+
GdAs,As3-,Gd3+
TbAs,As3-,Tb3+
DyAs,As3-,Dy3+
HoAs,As3-,Ho3+
ErAs,As3-,Er3+
TmAs,As3-,Tm3+
YbAs,As3-,Yb3+
LuAs,As3-,Lu3+
HfAs,As3-,Hf3+
TaAs,As3-,Ta3+
AsW,As3-,W3+
ReAs,As3-,Re3+
AsOs,As1+,Os1-
AsOs,As2+,Os2-
AsIr,As1+,Ir1-
AsIr,As3+,Ir3-
AsPt,As1+,Pt1-
AsPt,As2+,Pt2-
AsAu,As1+,Au1-
TlAs,As3-,Tl3+
BiAs,As3-,Bi3+
BeSe,Se2-,Be2+
BSe,Se2-,B2+
SeN,Se1+,N1-
SeN,Se2+,N2-
SeO,Se1+,O1-
SeO,Se2+,O2-
SeF,Se1+,F1-
MgSe,Se2-,Mg2+
AlSe,Se2-,Al2+
SiSe,Se2-,Si2+
PSe,Se2-,P2+
SeS,Se1+,S1-
SeS,Se2+,S2-
SeCl,Se1+,Cl1-
CaSe,Se2-,Ca2+
ScSe,Se2-,Sc2+
TiSe,Se2-,Ti2+
VSe,Se2-,V2+
CrSe,Se2-,Cr2+
MnSe,Se2-,Mn2+
FeSe,Se2-,Fe2+
CoSe,Se2-,Co2+
NiSe,Se2-,Ni2+
CuSe,Se2-,Cu2+
ZnSe,Se2-,Zn2+
GaSe,Se2-,Ga2+
GeSe,Se2-,Ge2+
AsSe,Se2-,As2+
SeBr,Se1+,Br1-
SrSe,Se2-,Sr2+
YSe,Se2-,Y2+
ZrSe,Se2-,Zr2+
NbSe,Se2-,Nb2+
MoSe,Se2-,Mo2+
RuSe,Se2-,Ru2+
RhSe,Se2-,Rh2+
PdSe,Se2-,Pd2+
AgSe,Se2-,Ag2+
CdSe,Se2-,Cd2+
InSe,Se2-,In2+
SnSe,Se2-,Sn2+
TeSe,Se2-,Te2+
SeI,Se1+,I1-
BaSe,Se2-,Ba2+
LaSe,Se2-,La2+
CeSe,Se2-,Ce2+
PrSe,Se2-,Pr2+
NdSe,Se2-,Nd2+
SmSe,Se2-,Sm2+
EuSe,Se2-,Eu2+
GdSe,Se2-,Gd2+
TbSe,Se2-,Tb2+
DySe,Se2-,Dy2+
HoSe,Se2-,Ho2+
ErSe,Se2-,Er2+
TmSe,Se2-,Tm2+
YbSe,Se2-,Yb2+
HfSe,Se2-,Hf2+
TaSe,Se2-,Ta2+
WSe,Se2-,W2+
ReSe,Se2-,Re2+
OsSe,Se2-,Os2+
IrSe,Se2-,Ir2+
PtSe,Se2-,Pt2+
AuSe,Se2-,Au2+
HgSe,Se2-,Hg2+
PbSe,Se2-,Pb2+
HBr,Br1-,H1+
LiBr,Br1-,Li1+
BeBr,Br1-,Be1+
BBr,Br1-,B1+
CBr,Br1-,C1+
BrN,Br1+,N1-
BrN,Br2+,N2-
BrN,Br3+,N3-
BrO,Br1+,O1-
BrO,Br2+,O2-
BrF,Br1+,F1-
NaBr,Br1-,Na1+
MgBr,Br1-,Mg1+
AlBr,Br1-,Al1+
SiBr,Br1-,Si1+
PBr,Br1-,P1+
SBr,Br1-,S1+
BrCl,Br1+,Cl1-
KBr,Br1-,K1+
CaBr,Br1-,Ca1+
ScBr,Br1-,Sc1+
TiBr,Br1-,Ti1+
VBr,Br1-,V1+
CrBr,Br1-,Cr1+
MnBr,Br1-,Mn1+
FeBr,Br1-,Fe1+
CoBr,Br1-,Co1+
NiBr,Br1-,Ni1+
CuBr,Br1-,Cu1+
ZnBr,Br1-,Zn1+
GaBr,Br1-,Ga1+
GeBr,Br1-,Ge1+
AsBr,Br1-,As1+
SeBr,Br1-,Se1+
RbBr,Br1-,Rb1+
SrBr,Br1-,Sr1+
YBr,Br1-,Y1+
ZrBr,Br1-,Zr1+
NbBr,Br1-,Nb1+
MoBr,Br1-,Mo1+
RuBr,Br1-,Ru1+
RhBr,Br1-,Rh1+
PdBr,Br1-,Pd1+
AgBr,Br1-,Ag1+
CdBr,Br1-,Cd1+
InBr,Br1-,In1+
IBr,Br1-,I1+
CsBr,Br1-,Cs1+
GdBr,Br1-,Gd1+
TbBr,Br1-,Tb1+
WBr,Br1-,W1+
ReBr,Br1-,Re1+
OsBr,Br1-,Os1+
IrBr,Br1-,Ir1+
PtBr,Br1-,Pt1+
AuBr,Br1-,Au1+
HgBr,Br1-,Hg1+
TlBr,Br1-,Tl1+
BiBr,Br1-,Bi1+
RbH,Rb1+,H1-
RbC,Rb1+,C1-
RbN,Rb1+,N1-
Rb2O2,Rb1+,O1-
RbF,Rb1+,F1-
RbNa,Rb1+,Na1-
RbSi,Rb1+,Si1-
RbP,Rb1+,P1-
RbS,Rb1+,S1-
RbCl,Rb1+,Cl1-
RbTi,Rb1+,Ti1-
RbV,Rb1+,V1-
RbCr,Rb1+,Cr1-
RbMn,Rb1+,Mn1-
RbFe,Rb1+,Fe1-
RbCo,Rb1+,Co1-
RbNi,Rb1+,Ni1-
RbGe,Rb1+,Ge1-
RbBr,Rb1+,Br1-
RbZr,Rb1-,Zr1+
RbNb,Rb1+,Nb1-
RbMo,Rb1+,Mo1-
RbRh,Rb1+,Rh1-
RbI,Rb1+,I1-
CsRb,Rb1-,Cs1+
RbTa,Rb1+,Ta1-
RbW,Rb1+,W1-
RbRe,Rb1+,Re1-
RbOs,Rb1+,Os1-
RbIr,Rb1+,Ir1-
RbPt,Rb1+,Pt1-
RbAu,Rb1+,Au1-
RbTl,Rb1+,Tl1-
SrH,Sr1+,H1-
SrC,Sr1+,C1-
SrC,Sr2+,C2-
SrN,Sr1+,N1-
SrN,Sr2+,N2-
SrO,Sr1+,O1-
SrO,Sr2+,O2-
SrF,Sr1+,F1-
SrSi,Sr1+,Si1-
SrSi,Sr2+,Si2-
SrP,Sr1+,P1-
SrP,Sr2+,P2-
SrS,Sr1+,S1-
SrS,Sr2+,S2-
SrCl,Sr1+,Cl1-
SrTi,Sr1+,Ti1-
SrV,Sr1+,V1-
SrCr,Sr1+,Cr1-
SrCr,Sr2+,Cr2-
SrMn,Sr1+,Mn1-
SrMn,Sr2+,Mn2-
SrFe,Sr1+,Fe1-
SrFe,Sr2+,Fe2-
SrCo,Sr1+,Co1-
SrNi,Sr1+,Ni1-
SrGe,Sr1+,Ge1-
SrGe,Sr2+,Ge2-
SrSe,Sr2+,Se2-
SrBr,Sr1+,Br1-
SrNb,Sr1+,Nb1-
SrMo,Sr1+,Mo1-
SrMo,Sr2+,Mo2-
SrRu,Sr2+,Ru2-
SrRh,Sr1+,Rh1-
SrTe,Sr2+,Te2-
SrI,Sr1+,I1-
SrTa,Sr1+,Ta1-
SrW,Sr1+,W1-
SrW,Sr2+,W2-
SrRe,Sr1+,Re1-
SrOs,Sr1+,Os1-
SrOs,Sr2+,Os2-
SrIr,Sr1+,Ir1-
SrPt,Sr1+,Pt1-
SrPt,Sr2+,Pt2-
SrAu,Sr1+,Au1-
SrTl,Sr1+,Tl1-
YH,Y1+,H1-
YC,Y1+,C1-
YC,Y2+,C2-
YC,Y3+,C3-
YN,Y1+,N1-
YN,Y2+,N2-
YN,Y3+,N3-
YO,Y1+,O1-
YO,Y2+,O2-
YF,Y1+,F1-
YSi,Y1+,Si1-
YSi,Y2+,Si2-
YSi,Y3+,Si3-
YP,Y1+,P1-
YP,Y2+,P2-
YP,Y3+,P3-
YS,Y1+,S1-
YS,Y2+,S2-
YCl,Y1+,Cl1-
YTi,Y1+,Ti1-
YV,Y1+,V1-
YCr,Y1+,Cr1-
YCr,Y2+,Cr2-
YMn,Y1+,Mn1-
YMn,Y2+,Mn2-
YMn,Y3+,Mn3-
YFe,Y1+,Fe1-
YFe,Y2+,Fe2-
YCo,Y1+,Co1-
YNi,Y1+,Ni1-
YGe,Y1+,Ge1-
YGe,Y2+,Ge2-
YGe,Y3+,Ge3-
YAs,Y3+,As3-
YSe,Y2+,Se2-
YBr,Y1+,Br1-
YNb,Y1+,Nb1-
YMo,Y1+,Mo1-
YMo,Y2+,Mo2-
YRu,Y2+,Ru2-
YRh,Y1+,Rh1-
YSb,Y3+,Sb3-
YTe,Y2+,Te2-
YI,Y1+,I1-
YTa,Y1+,Ta1-
YW,Y1+,W1-
YW,Y2+,W2-
YRe,Y1+,Re1-
YRe,Y3+,Re3-
YOs,Y1+,Os1-
YOs,Y2+,Os2-
YIr,Y1+,Ir1-
YIr,Y3+,Ir3-
YPt,Y1+,Pt1-
YPt,Y2+,Pt2-
YAu,Y1+,Au1-
YTl,Y1+,Tl1-
YBi,Y3+,Bi3-
ZrH,Zr1+,H1-
ZrC,Zr1+,C1-
ZrC,Zr2+,C2-
ZrC,Zr3+,C3-
ZrC,Zr4+,C4-
ZrN,Zr1+,N1-
ZrN,Zr2+,N2-
ZrN,Zr3+,N3-
ZrO,Zr1+,O1-
ZrO,Zr2+,O2-
ZrF,Zr1+,F1-
NaZr,Zr1+,Na1-
ZrSi,Zr1+,Si1-
ZrSi,Zr2+,Si2-
ZrSi,Zr3+,Si3-
ZrSi,Zr4+,Si4-
ZrP,Zr1+,P1-
ZrP,Zr2+,P2-
ZrP,Zr3+,P3-
ZrS,Zr1+,S1-
ZrS,Zr2+,S2-
ZrCl,Zr1+,Cl1-
KZr,Zr1+,K1-
ZrTi,Zr1+,Ti1-
ZrV,Zr1+,V1-
ZrCr,Zr1+,Cr1-
ZrCr,Zr2+,Cr2-
ZrMn,Zr1+,Mn1-
ZrMn,Zr2+,Mn2-
ZrMn,Zr3+,Mn3-
ZrFe,Zr1+,Fe1-
ZrFe,Zr2+,Fe2-
ZrCo,Zr1+,Co1-
ZrNi,Zr1+,Ni1-
ZrGe,Zr1+,Ge1-
ZrGe,Zr2+,Ge2-
ZrGe,Zr3+,Ge3-
ZrGe,Zr4+,Ge4-
ZrAs,Zr3+,As3-
ZrSe,Zr2+,Se2-
ZrBr,Zr1+,Br1-
RbZr,Zr1+,Rb1-
ZrNb,Zr1+,Nb1-
ZrMo,Zr1+,Mo1-
ZrMo,Zr2+,Mo2-
ZrRu,Zr2+,Ru2-
ZrRh,Zr1+,Rh1-
ZrSn,Zr4+,Sn4-
ZrSb,Zr3+,Sb3-
ZrTe,Zr2+,Te2-
ZrI,Zr1+,I1-
CsZr,Zr1+,Cs1-
ZrTa,Zr1+,Ta1-
ZrW,Zr1+,W1-
ZrW,Zr2+,W2-
ZrRe,Zr1+,Re1-
ZrRe,Zr3+,Re3-
ZrOs,Zr1+,Os1-
ZrOs,Zr2+,Os2-
ZrIr,Zr1+,Ir1-
ZrIr,Zr3+,Ir3-
ZrPt,Zr1+,Pt1-
ZrPt,Zr2+,Pt2-
ZrAu,Zr1+,Au1-
ZrTl,Zr1+,Tl1-
ZrPb,Zr4+,Pb4-
ZrBi,Zr3+,Bi3-
NbH,Nb1+,H1-
LiNb,Nb1-,Li1+
BeNb,Nb1-,Be1+
NbC,Nb1+,C1-
NbC,Nb2+,C2-
NbC,Nb3+,C3-
NbC,Nb4+,C4-
NbN,Nb1+,N1-
NbN,Nb2+,N2-
NbN,Nb3+,N3-
NbO,Nb1+,O1-
NbO,Nb2+,O2-
NbF,Nb1+,F1-
NaNb,Nb1-,Na1+
MgNb,Nb1-,Mg1+
NbSi,Nb1+,Si1-
NbSi,Nb2+,Si2-
NbSi,Nb3+,Si3-
NbSi,Nb4+,Si4-
NbP,Nb1+,P1-
NbP,Nb2+,P2-
NbP,Nb3+,P3-
NbS,Nb1+,S1-
NbS,Nb2+,S2-
NbCl,Nb1+,Cl1-
KNb,Nb1-,K1+
CaNb,Nb1-,Ca1+
ScNb,Nb1-,Sc1+
TiNb,Nb1-,Ti1+
NbV,Nb1+,V1-
NbCr,Nb1+,Cr1-
NbCr,Nb2+,Cr2-
MnNb,Nb1-,Mn1+
NbFe,Nb1+,Fe1-
NbFe,Nb2+,Fe2-
NbCo,Nb1+,Co1-
NbNi,Nb1+,Ni1-
NbGe,Nb1+,Ge1-
NbGe,Nb2+,Ge2-
NbGe,Nb3+,Ge3-
NbGe,Nb4+,Ge4-
NbAs,Nb3+,As3-
NbSe,Nb2+,Se2-
NbBr,Nb1+,Br1-
RbNb,Nb1-,Rb1+
SrNb,Nb1-,Sr1+
YNb,Nb1-,Y1+
ZrNb,Nb1-,Zr1+
NbMo,Nb1+,Mo1-
NbMo,Nb2+,Mo2-
NbRu,Nb2+,Ru2-
NbRh,Nb1+,Rh1-
NbSn,Nb4+,Sn4-
NbSb,Nb3+,Sb3-
NbTe,Nb2+,Te2-
NbI,Nb1+,I1-
CsNb,Nb1-,Cs1+
GdNb,Nb1-,Gd1+
TbNb,Nb1-,Tb1+
NbW,Nb1+,W1-
NbW,Nb2+,W2-
NbRe,Nb1+,Re1-
NbRe,Nb3+,Re3-
NbOs,Nb1+,Os1-
NbOs,Nb2+,Os2-
NbIr,Nb1+,Ir1-
NbIr,Nb3+,Ir3-
NbPt,Nb1+,Pt1-
NbPt,Nb2+,Pt2-
NbAu,Nb1+,Au1-
NbTl,Nb1+,Tl1-
NbPb,Nb4+,Pb4-
NbBi,Nb3+,Bi3-
MoH,Mo1+,H1-
LiMo,Mo1-,Li1+
BeMo,Mo2-,Be2+
BeMo,Mo1-,Be1+
BMo,Mo2-,B2+
BMo,Mo1-,B1+
MoC,Mo1+,C1-
MoC,Mo2+,C2-
MoC,Mo3+,C3-
MoC,Mo4+,C4-
MoN,Mo1+,N1-
MoN,Mo2+,N2-
MoN,Mo3+,N3-
MoO,Mo1+,O1-
MoO,Mo2+,O2-
MoF,Mo1+,F1-
NaMo,Mo1-,Na1+
MgMo,Mo2-,Mg2+
MgMo,Mo1-,Mg1+
AlMo,Mo2-,Al2+
AlMo,Mo1-,Al1+
SiMo,Mo2-,Si2+
SiMo,Mo1-,Si1+
MoP,Mo1+,P1-
MoP,Mo2+,P2-
MoP,Mo3+,P3-
MoS,Mo1+,S1-
MoS,Mo2+,S2-
MoCl,Mo1+,Cl1-
KMo,Mo1-,K1+
CaMo,Mo2-,Ca2+
CaMo,Mo1-,Ca1+
ScMo,Mo2-,Sc2+
ScMo,Mo1-,Sc1+
TiMo,Mo2-,Ti2+
TiMo,Mo1-,Ti1+
VMo,Mo2-,V2+
VMo,Mo1-,V1+
CrMo,Mo2-,Cr2+
CrMo,Mo1-,Cr1+
MnMo,Mo2-,Mn2+
MnMo,Mo1-,Mn1+
FeMo,Mo2-,Fe2+
FeMo,Mo1-,Fe1+
CoMo,Mo2-,Co2+
CoMo,Mo1-,Co1+
NiMo,Mo2-,Ni2+
NiMo,Mo1-,Ni1+
CuMo,Mo2-,Cu2+
CuMo,Mo1-,Cu1+
ZnMo,Mo2-,Zn2+
ZnMo,Mo1-,Zn1+
GaMo,Mo2-,Ga2+
GaMo,Mo1-,Ga1+
GeMo,Mo2-,Ge2+
GeMo,Mo1-,Ge1+
MoAs,Mo3+,As3-
MoSe,Mo2+,Se2-
MoBr,Mo1+,Br1-
RbMo,Mo1-,Rb1+
SrMo,Mo2-,Sr2+
SrMo,Mo1-,Sr1+
YMo,Mo2-,Y2+
YMo,Mo1-,Y1+
ZrMo,Mo2-,Zr2+
ZrMo,Mo1-,Zr1+
NbMo,Mo2-,Nb2+
NbMo,Mo1-,Nb1+
MoRu,Mo2+,Ru2-
MoRh,Mo1+,Rh1-
AgMo,Mo2-,Ag2+
AgMo,Mo1-,Ag1+
CdMo,Mo2-,Cd2+
CdMo,Mo1-,Cd1+
InMo,Mo2-,In2+
InMo,Mo1-,In1+
SnMo,Mo2-,Sn2+
TeMo,Mo2-,Te2+
MoI,Mo1+,I1-
CsMo,Mo1-,Cs1+
BaMo,Mo2-,Ba2+
LaMo,Mo2-,La2+
CeMo,Mo2-,Ce2+
PrMo,Mo2-,Pr2+
NdMo,Mo2-,Nd2+
SmMo,Mo2-,Sm2+
EuMo,Mo2-,Eu2+
GdMo,Mo2-,Gd2+
GdMo,Mo1-,Gd1+
TbMo,Mo2-,Tb2+
TbMo,Mo1-,Tb1+
DyMo,Mo2-,Dy2+
HoMo,Mo2-,Ho2+
ErMo,Mo2-,Er2+
TmMo,Mo2-,Tm2+
YbMo,Mo2-,Yb2+
HfMo,Mo2-,Hf2+
TaMo,Mo2-,Ta2+
MoW,Mo2-,W2+
MoW,Mo1-,W1+
ReMo,Mo2-,Re2+
ReMo,Mo1-,Re1+
MoOs,Mo1+,Os1-
MoOs,Mo2+,Os2-
MoIr,Mo1+,Ir1-
MoIr,Mo3+,Ir3-
MoPt,Mo1+,Pt1-
MoPt,Mo2+,Pt2-
MoAu,Mo1+,Au1-
HgMo,Mo2-,Hg2+
HgMo,Mo1-,Hg1+
TlMo,Mo1-,Tl1+
MoPb,Mo2-,Pb2+
BiMo,Mo1-,Bi1+
BeRu,Ru2-,Be2+
BRu,Ru2-,B2+
RuC,Ru1+,C1-
RuC,Ru2+,C2-
RuC,Ru3+,C3-
RuC,Ru4+,C4-
RuN,Ru1+,N1-
RuN,Ru2+,N2-
RuN,Ru3+,N3-
RuO,Ru1+,O1-
RuO,Ru2+,O2-
RuF,Ru1+,F1-
MgRu,Ru2-,Mg2+
AlRu,Ru2-,Al2+
SiRu,Ru2-,Si2+
PRu,Ru2-,P2+
RuS,Ru1+,S1-
RuS,Ru2+,S2-
RuCl,Ru1+,Cl1-
CaRu,Ru2-,Ca2+
ScRu,Ru2-,Sc2+
TiRu,Ru2-,Ti2+
VRu,Ru2-,V2+
CrRu,Ru2-,Cr2+
MnRu,Ru2-,Mn2+
FeRu,Ru2-,Fe2+
CoRu,Ru2-,Co2+
NiRu,Ru2-,Ni2+
CuRu,Ru2-,Cu2+
ZnRu,Ru2-,Zn2+
GaRu,Ru2-,Ga2+
GeRu,Ru2-,Ge2+
AsRu,Ru2-,As2+
RuSe,Ru2+,Se2-
RuBr,Ru1+,Br1-
SrRu,Ru2-,Sr2+
YRu,Ru2-,Y2+
ZrRu,Ru2-,Zr2+
NbRu,Ru2-,Nb2+
MoRu,Ru2-,Mo2+
RuRh,Ru1+,Rh1-
AgRu,Ru2-,Ag2+
CdRu,Ru2-,Cd2+
InRu,Ru2-,In2+
SnRu,Ru2-,Sn2+
TeRu,Ru2-,Te2+
RuI,Ru1+,I1-
BaRu,Ru2-,Ba2+
LaRu,Ru2-,La2+
CeRu,Ru2-,Ce2+
PrRu,Ru2-,Pr2+
NdRu,Ru2-,Nd2+
SmRu,Ru2-,Sm2+
EuRu,Ru2-,Eu2+
GdRu,Ru2-,Gd2+
TbRu,Ru2-,Tb2+
DyRu,Ru2-,Dy2+
HoRu,Ru2-,Ho2+
ErRu,Ru2-,Er2+
TmRu,Ru2-,Tm2+
YbRu,Ru2-,Yb2+
HfRu,Ru2-,Hf2+
TaRu,Ru2-,Ta2+
RuW,Ru2-,W2+
ReRu,Ru2-,Re2+
RuAu,Ru1+,Au1-
HgRu,Ru2-,Hg2+
RuPb,Ru2-,Pb2+
HRh,Rh1-,H1+
LiRh,Rh1-,Li1+
BeRh,Rh1-,Be1+
BRh,Rh1-,B1+
RhC,Rh1+,C1-
RhC,Rh2+,C2-
RhC,Rh3+,C3-
RhC,Rh4+,C4-
RhN,Rh1+,N1-
RhN,Rh2+,N2-
RhN,Rh3+,N3-
RhO,Rh1+,O1-
RhO,Rh2+,O2-
RhF,Rh1+,F1-
NaRh,Rh1-,Na1+
MgRh,Rh1-,Mg1+
AlRh,Rh1-,Al1+
SiRh,Rh1-,Si1+
PRh,Rh1-,P1+
RhS,Rh1+,S1-
RhS,Rh2+,S2-
RhCl,Rh1+,Cl1-
KRh,Rh1-,K1+
CaRh,Rh1-,Ca1+
ScRh,Rh1-,Sc1+
TiRh,Rh1-,Ti1+
VRh,Rh1-,V1+
CrRh,Rh1-,Cr1+
MnRh,Rh1-,Mn1+
FeRh,Rh1-,Fe1+
CoRh,Rh1-,Co1+
NiRh,Rh1-,Ni1+
CuRh,Rh1-,Cu1+
ZnRh,Rh1-,Zn1+
GaRh,Rh1-,Ga1+
GeRh,Rh1-,Ge1+
AsRh,Rh1-,As1+
RhSe,Rh2+,Se2-
RhBr,Rh1+,Br1-
RbRh,Rh1-,Rb1+
SrRh,Rh1-,Sr1+
YRh,Rh1-,Y1+
ZrRh,Rh1-,Zr1+
NbRh,Rh1-,Nb1+
MoRh,Rh1-,Mo1+
RuRh,Rh1-,Ru1+
PdRh,Rh1-,Pd1+
AgRh,Rh1-,Ag1+
CdRh,Rh1-,Cd1+
InRh,Rh1-,In1+
RhI,Rh1+,I1-
CsRh,Rh1-,Cs1+
GdRh,Rh1-,Gd1+
TbRh,Rh1-,Tb1+
RhW,Rh1-,W1+
ReRh,Rh1-,Re1+
OsRh,Rh1-,Os1+
IrRh,Rh1-,Ir1+
PtRh,Rh1-,Pt1+
RhAu,Rh1+,Au1-
HgRh,Rh1-,Hg1+
TlRh,Rh1-,Tl1+
BiRh,Rh1-,Bi1+
PdC,Pd1+,C1-
PdC,Pd2+,C2-
PdC,Pd4+,C4-
PdN,Pd1+,N1-
PdN,Pd2+,N2-
PdO,Pd1+,O1-
PdO,Pd2+,O2-
PdF,Pd1+,F1-
PdS,Pd1+,S1-
PdS,Pd2+,S2-
PdCl,Pd1+,Cl1-
PdSe,Pd2+,Se2-
PdBr,Pd1+,Br1-
PdRh,Pd1+,Rh1-
PdI,Pd1+,I1-
PdAu,Pd1+,Au1-
AgH,Ag1+,H1-
AgC,Ag1+,C1-
AgC,Ag2+,C2-
AgC,Ag3+,C3-
AgC,Ag4+,C4-
AgN,Ag1+,N1-
AgN,Ag2+,N2-
AgN,Ag3+,N3-
AgO,Ag1+,O1-
AgO,Ag2+,O2-
AgF,Ag1+,F1-
AgP,Ag1+,P1-
AgP,Ag2+,P2-
AgP,Ag3+,P3-
AgS,Ag1+,S1-
AgS,Ag2+,S2-
AgCl,Ag1+,Cl1-
AgGe,Ag1+,Ge1-
AgGe,Ag2+,Ge2-
AgGe,Ag3+,Ge3-
AgGe,Ag4+,Ge4-
AgAs,Ag3+,As3-
AgSe,Ag2+,Se2-
AgBr,Ag1+,Br1-
AgMo,Ag1+,Mo1-
AgMo,Ag2+,Mo2-
AgRu,Ag2+,Ru2-
AgRh,Ag1+,Rh1-
AgSn,Ag4+,Sn4-
AgSb,Ag3+,Sb3-
AgTe,Ag2+,Te2-
AgI,Ag1+,I1-
AgOs,Ag1+,Os1-
AgOs,Ag2+,Os2-
AgIr,Ag1+,Ir1-
AgIr,Ag3+,Ir3-
AgPt,Ag1+,Pt1-
AgPt,Ag2+,Pt2-
AgAu,Ag1+,Au1-
CdH,Cd1+,H1-
CdC,Cd1+,C1-
CdC,Cd2+,C2-
CdN,Cd1+,N1-
CdN,Cd2+,N2-
CdO,Cd1+,O1-
CdO,Cd2+,O2-
CdF,Cd1+,F1-
CdSi,Cd1+,Si1-
CdSi,Cd2+,Si2-
CdP,Cd1+,P1-
CdP,Cd2+,P2-
CdS,Cd1+,S1-
CdS,Cd2+,S2-
CdCl,Cd1+,Cl1-
CdFe,Cd1+,Fe1-
CdFe,Cd2+,Fe2-
CdCo,Cd1+,Co1-
CdNi,Cd1+,Ni1-
CdGe,Cd1+,Ge1-
CdGe,Cd2+,Ge2-
CdSe,Cd2+,Se2-
CdBr,Cd1+,Br1-
CdMo,Cd1+,Mo1-
CdMo,Cd2+,Mo2-
CdRu,Cd2+,Ru2-
CdRh,Cd1+,Rh1-
CdTe,Cd2+,Te2-
CdI,Cd1+,I1-
CdW,Cd1+,W1-
CdW,Cd2+,W2-
CdRe,Cd1+,Re1-
CdOs,Cd1+,Os1-
CdOs,Cd2+,Os2-
CdIr,Cd1+,Ir1-
CdPt,Cd1+,Pt1-
CdPt,Cd2+,Pt2-
CdAu,Cd1+,Au1-
TlCd,Cd1+,Tl1-
InH,In1+,H1-
InC,In1+,C1-
InC,In2+,C2-
InC,In3+,C3-
InN,In1+,N1-
InN,In2+,N2-
InN,In3+,N3-
InO,In1+,O1-
InO,In2+,O2-
InF,In1+,F1-
InSi,In1+,Si1-
InSi,In2+,Si2-
InSi,In3+,Si3-
InP,In1+,P1-
InP,In2+,P2-
InP,In3+,P3-
InS,In1+,S1-
InS,In2+,S2-
InCl,In1+,Cl1-
InFe,In1+,Fe1-
InFe,In2+,Fe2-
InCo,In1+,Co1-
InNi,In1+,Ni1-
InGe,In1+,Ge1-
InGe,In2+,Ge2-
InGe,In3+,Ge3-
InAs,In3+,As3-
InSe,In2+,Se2-
InBr,In1+,Br1-
InMo,In1+,Mo1-
InMo,In2+,Mo2-
InRu,In2+,Ru2-
InRh,In1+,Rh1-
InSb,In3+,Sb3-
InTe,In2+,Te2-
InI,In1+,I1-
InRe,In1+,Re1-
InRe,In3+,Re3-
InOs,In1+,Os1-
InOs,In2+,Os2-
InIr,In1+,Ir1-
InIr,In3+,Ir3-
InPt,In1+,Pt1-
InPt,In2+,Pt2-
InAu,In1+,Au1-
TlIn,In1+,Tl1-
InBi,In3+,Bi3-
SnC,Sn2+,C2-
SnC,Sn4+,C4-
SnN,Sn2+,N2-
SnO,Sn2+,O2-
SiSn,Sn4-,Si4+
SnP,Sn2+,P2-
SnS,Sn2+,S2-
TiSn,Sn4-,Ti4+
VSn,Sn4-,V4+
CrSn,Sn4-,Cr4+
MnSn,Sn4-,Mn4+
FeSn,Sn4-,Fe4+
CoSn,Sn4-,Co4+
NiSn,Sn4-,Ni4+
CuSn,Sn4-,Cu4+
SnGe,Sn2+,Ge2-
SnGe,Sn4+,Ge4-
SnSe,Sn2+,Se2-
ZrSn,Sn4-,Zr4+
NbSn,Sn4-,Nb4+
SnMo,Sn2+,Mo2-
SnRu,Sn2+,Ru2-
AgSn,Sn4-,Ag4+
SnTe,Sn2+,Te2-
CeSn,Sn4-,Ce4+
PrSn,Sn4-,Pr4+
NdSn,Sn4-,Nd4+
TbSn,Sn4-,Tb4+
DySn,Sn4-,Dy4+
HfSn,Sn4-,Hf4+
TaSn,Sn4-,Ta4+
SnW,Sn4-,W4+
ReSn,Sn4-,Re4+
SnOs,Sn2+,Os2-
SnPt,Sn2+,Pt2-
SnHg,Sn4-,Hg4+
SnPb,Sn4-,Pb4+
BSb,Sb3-,B3+
SbC,Sb3+,C3-
SbN,Sb3+,N3-
AlSb,Sb3-,Al3+
SiSb,Sb3-,Si3+
SbP,Sb3+,P3-
ScSb,Sb3-,Sc3+
TiSb,Sb3-,Ti3+
VSb,Sb3-,V3+
CrSb,Sb3-,Cr3+
MnSb,Sb3-,Mn3+
FeSb,Sb3-,Fe3+
CoSb,Sb3-,Co3+
NiSb,Sb3-,Ni3+
CuSb,Sb3-,Cu3+
GaSb,Sb3-,Ga3+
GeSb,Sb3-,Ge3+
SbAs,Sb3+,As3-
YSb,Sb3-,Y3+
ZrSb,Sb3-,Zr3+
NbSb,Sb3-,Nb3+
AgSb,Sb3-,Ag3+
InSb,Sb3-,In3+
LaSb,Sb3-,La3+
CeSb,Sb3-,Ce3+
PrSb,Sb3-,Pr3+
NdSb,Sb3-,Nd3+
SmSb,Sb3-,Sm3+
EuSb,Sb3-,Eu3+
GdSb,Sb3-,Gd3+
TbSb,Sb3-,Tb3+
DySb,Sb3-,Dy3+
HoSb,Sb3-,Ho3+
ErSb,Sb3-,Er3+
TmSb,Sb3-,Tm3+
YbSb,Sb3-,Yb3+
LuSb,Sb3-,Lu3+
HfSb,Sb3-,Hf3+
TaSb,Sb3-,Ta3+
SbW,Sb3-,W3+
ReSb,Sb3-,Re3+
SbIr,Sb3+,Ir3-
TlSb,Sb3-,Tl3+
BiSb,Sb3-,Bi3+
BeTe,Te2-,Be2+
BTe,Te2-,B2+
TeC,Te2+,C2-
TeC,Te4+,C4-
TeN,Te2+,N2-
TeO,Te2+,O2-
MgTe,Te2-,Mg2+
AlTe,Te2-,Al2+
SiTe,Te2-,Si2+
TeP,Te2+,P2-
TeS,Te2+,S2-
CaTe,Te2-,Ca2+
ScTe,Te2-,Sc2+
TiTe,Te2-,Ti2+
VTe,Te2-,V2+
CrTe,Te2-,Cr2+
MnTe,Te2-,Mn2+
FeTe,Te2-,Fe2+
CoTe,Te2-,Co2+
NiTe,Te2-,Ni2+
CuTe,Te2-,Cu2+
ZnTe,Te2-,Zn2+
GaTe,Te2-,Ga2+
GeTe,Te2-,Ge2+
TeSe,Te2+,Se2-
SrTe,Te2-,Sr2+
YTe,Te2-,Y2+
ZrTe,Te2-,Zr2+
NbTe,Te2-,Nb2+
TeMo,Te2+,Mo2-
TeRu,Te2+,Ru2-
AgTe,Te2-,Ag2+
CdTe,Te2-,Cd2+
InTe,Te2-,In2+
SnTe,Te2-,Sn2+
BaTe,Te2-,Ba2+
LaTe,Te2-,La2+
CeTe,Te2-,Ce2+
PrTe,Te2-,Pr2+
NdTe,Te2-,Nd2+
SmTe,Te2-,Sm2+
EuTe,Te2-,Eu2+
GdTe,Te2-,Gd2+
TbTe,Te2-,Tb2+
DyTe,Te2-,Dy2+
HoTe,Te2-,Ho2+
ErTe,Te2-,Er2+
TmTe,Te2-,Tm2+
YbTe,Te2-,Yb2+
HfTe,Te2-,Hf2+
TaTe,Te2-,Ta2+
TeW,Te2-,W2+
ReTe,Te2-,Re2+
TeOs,Te2+,Os2-
TePt,Te2+,Pt2-
HgTe,Te2-,Hg2+
TePb,Te2-,Pb2+
HI,I1-,H1+
LiI,I1-,Li1+
BeI,I1-,Be1+
BI,I1-,B1+
CI,I1-,C1+
IN,I1+,N1-
IN,I3+,N3-
IO,I1+,O1-
IF,I1+,F1-
NaI,I1-,Na1+
MgI,I1-,Mg1+
AlI,I1-,Al1+
SiI,I1-,Si1+
PI,I1-,P1+
SI,I1-,S1+
ICl,I1+,Cl1-
KI,I1-,K1+
CaI,I1-,Ca1+
ScI,I1-,Sc1+
TiI,I1-,Ti1+
VI,I1-,V1+
CrI,I1-,Cr1+
MnI,I1-,Mn1+
FeI,I1-,Fe1+
CoI,I1-,Co1+
NiI,I1-,Ni1+
CuI,I1-,Cu1+
ZnI,I1-,Zn1+
GaI,I1-,Ga1+
GeI,I1-,Ge1+
AsI,I1-,As1+
SeI,I1-,Se1+
IBr,I1+,Br1-
RbI,I1-,Rb1+
SrI,I1-,Sr1+
YI,I1-,Y1+
ZrI,I1-,Zr1+
NbI,I1-,Nb1+
MoI,I1-,Mo1+
RuI,I1-,Ru1+
RhI,I1-,Rh1+
PdI,I1-,Pd1+
AgI,I1-,Ag1+
CdI,I1-,Cd1+
InI,I1-,In1+
CsI,I1-,Cs1+
GdI,I1-,Gd1+
TbI,I1-,Tb1+
WI,I1-,W1+
ReI,I1-,Re1+
OsI,I1-,Os1+
IrI,I1-,Ir1+
PtI,I1-,Pt1+
AuI,I1-,Au1+
HgI,I1-,Hg1+
TlI,I1-,Tl1+
BiI,I1-,Bi1+
CsH,Cs1+,H1-
CsC,Cs1+,C1-
CsN,Cs1+,N1-
Cs2O2,Cs1+,O1-
CsF,Cs1+,F1-
CsNa,Cs1+,Na1-
CsSi,Cs1+,Si1-
CsP,Cs1+,P1-
CsS,Cs1+,S1-
CsCl,Cs1+,Cl1-
CsK,Cs1+,K1-
CsTi,Cs1+,Ti1-
CsV,Cs1+,V1-
CsCr,Cs1+,Cr1-
CsMn,Cs1+,Mn1-
CsFe,Cs1+,Fe1-
CsCo,Cs1+,Co1-
CsNi,Cs1+,Ni1-
CsGe,Cs1+,Ge1-
CsBr,Cs1+,Br1-
CsRb,Cs1+,Rb1-
CsZr,Cs1-,Zr1+
CsNb,Cs1+,Nb1-
CsMo,Cs1+,Mo1-
CsRh,Cs1+,Rh1-
CsI,Cs1+,I1-
CsTa,Cs1+,Ta1-
CsW,Cs1+,W1-
CsRe,Cs1+,Re1-
CsOs,Cs1+,Os1-
CsIr,Cs1+,Ir1-
CsPt,Cs1+,Pt1-
CsAu,Cs1+,Au1-
CsTl,Cs1+,Tl1-
BaC,Ba2+,C2-
BaN,Ba2+,N2-
BaO,Ba2+,O2-
BaSi,Ba2+,Si2-
BaP,Ba2+,P2-
BaS,Ba2+,S2-
BaCr,Ba2+,Cr2-
BaMn,Ba2+,Mn2-
BaFe,Ba2+,Fe2-
BaGe,Ba2+,Ge2-
BaSe,Ba2+,Se2-
BaMo,Ba2+,Mo2-
BaRu,Ba2+,Ru2-
BaTe,Ba2+,Te2-
BaW,Ba2+,W2-
BaOs,Ba2+,Os2-
BaPt,Ba2+,Pt2-
LaC,La2+,C2-
LaC,La3+,C3-
LaN,La2+,N2-
LaN,La3+,N3-
LaO,La2+,O2-
LaSi,La2+,Si2-
LaSi,La3+,Si3-
LaP,La2+,P2-
LaP,La3+,P3-
LaS,La2+,S2-
LaCr,La2+,Cr2-
LaMn,La2+,Mn2-
LaMn,La3+,Mn3-
LaFe,La2+,Fe2-
LaGe,La2+,Ge2-
LaGe,La3+,Ge3-
LaAs,La3+,As3-
LaSe,La2+,Se2-
LaMo,La2+,Mo2-
LaRu,La2+,Ru2-
LaSb,La3+,Sb3-
LaTe,La2+,Te2-
LaW,La2+,W2-
LaRe,La3+,Re3-
LaOs,La2+,Os2-
LaIr,La3+,Ir3-
LaPt,La2+,Pt2-
LaBi,La3+,Bi3-
CeC,Ce2+,C2-
CeC,Ce3+,C3-
CeC,Ce4+,C4-
CeN,Ce2+,N2-
CeN,Ce3+,N3-
CeO,Ce2+,O2-
CeSi,Ce2+,Si2-
CeSi,Ce3+,Si3-
CeSi,Ce4+,Si4-
CeP,Ce2+,P2-
CeP,Ce3+,P3-
CeS,Ce2+,S2-
CeCr,Ce2+,Cr2-
CeMn,Ce2+,Mn2-
CeMn,Ce3+,Mn3-
CeFe,Ce2+,Fe2-
CeGe,Ce2+,Ge2-
CeGe,Ce3+,Ge3-
CeGe,Ce4+,Ge4-
CeAs,Ce3+,As3-
CeSe,Ce2+,Se2-
CeMo,Ce2+,Mo2-
CeRu,Ce2+,Ru2-
CeSn,Ce4+,Sn4-
CeSb,Ce3+,Sb3-
CeTe,Ce2+,Te2-
CeW,Ce2+,W2-
CeRe,Ce3+,Re3-
CeOs,Ce2+,Os2-
CeIr,Ce3+,Ir3-
CePt,Ce2+,Pt2-
CePb,Ce4+,Pb4-
CeBi,Ce3+,Bi3-
PrC,Pr2+,C2-
PrC,Pr3+,C3-
PrC,Pr4+,C4-
PrN,Pr2+,N2-
PrN,Pr3+,N3-
PrO,Pr2+,O2-
PrSi,Pr2+,Si2-
PrSi,Pr3+,Si3-
PrSi,Pr4+,Si4-
PrP,Pr2+,P2-
PrP,Pr3+,P3-
PrS,Pr2+,S2-
PrCr,Pr2+,Cr2-
PrMn,Pr2+,Mn2-
PrMn,Pr3+,Mn3-
PrFe,Pr2+,Fe2-
PrGe,Pr2+,Ge2-
PrGe,Pr3+,Ge3-
PrGe,Pr4+,Ge4-
PrAs,Pr3+,As3-
PrSe,Pr2+,Se2-
PrMo,Pr2+,Mo2-
PrRu,Pr2+,Ru2-
PrSn,Pr4+,Sn4-
PrSb,Pr3+,Sb3-
PrTe,Pr2+,Te2-
PrW,Pr2+,W2-
PrRe,Pr3+,Re3-
PrOs,Pr2+,Os2-
PrIr,Pr3+,Ir3-
PrPt,Pr2+,Pt2-
PrPb,Pr4+,Pb4-
PrBi,Pr3+,Bi3-
NdC,Nd2+,C2-
NdC,Nd3+,C3-
NdC,Nd4+,C4-
NdN,Nd2+,N2-
NdN,Nd3+,N3-
NdO,Nd2+,O2-
NdSi,Nd2+,Si2-
NdSi,Nd3+,Si3-
NdSi,Nd4+,Si4-
NdP,Nd2+,P2-
NdP,Nd3+,P3-
NdS,Nd2+,S2-
NdCr,Nd2+,Cr2-
NdMn,Nd2+,Mn2-
NdMn,Nd3+,Mn3-
NdFe,Nd2+,Fe2-
NdGe,Nd2+,Ge2-
NdGe,Nd3+,Ge3-
NdGe,Nd4+,Ge4-
NdAs,Nd3+,As3-
NdSe,Nd2+,Se2-
NdMo,Nd2+,Mo2-
NdRu,Nd2+,Ru2-
NdSn,Nd4+,Sn4-
NdSb,Nd3+,Sb3-
NdTe,Nd2+,Te2-
NdW,Nd2+,W2-
NdRe,Nd3+,Re3-
NdOs,Nd2+,Os2-
NdIr,Nd3+,Ir3-
NdPt,Nd2+,Pt2-
NdPb,Nd4+,Pb4-
NdBi,Nd3+,Bi3-
SmC,Sm2+,C2-
SmC,Sm3+,C3-
SmN,Sm2+,N2-
SmN,Sm3+,N3-
SmO,Sm2+,O2-
SmSi,Sm2+,Si2-
SmSi,Sm3+,Si3-
SmP,Sm2+,P2-
SmP,Sm3+,P3-
SmS,Sm2+,S2-
SmCr,Sm2+,Cr2-
SmMn,Sm2+,Mn2-
SmMn,Sm3+,Mn3-
SmFe,Sm2+,Fe2-
SmGe,Sm2+,Ge2-
SmGe,Sm3+,Ge3-
SmAs,Sm3+,As3-
SmSe,Sm2+,Se2-
SmMo,Sm2+,Mo2-
SmRu,Sm2+,Ru2-
SmSb,Sm3+,Sb3-
SmTe,Sm2+,Te2-
SmW,Sm2+,W2-
SmRe,Sm3+,Re3-
SmOs,Sm2+,Os2-
SmIr,Sm3+,Ir3-
SmPt,Sm2+,Pt2-
SmBi,Sm3+,Bi3-
EuC,Eu2+,C2-
EuC,Eu3+,C3-
EuN,Eu2+,N2-
EuN,Eu3+,N3-
EuO,Eu2+,O2-
EuSi,Eu2+,Si2-
EuSi,Eu3+,Si3-
EuP,Eu2+,P2-
EuP,Eu3+,P3-
EuS,Eu2+,S2-
EuCr,Eu2+,Cr2-
EuMn,Eu2+,Mn2-
EuMn,Eu3+,Mn3-
EuFe,Eu2+,Fe2-
EuGe,Eu2+,Ge2-
EuGe,Eu3+,Ge3-
EuAs,Eu3+,As3-
EuSe,Eu2+,Se2-
EuMo,Eu2+,Mo2-
EuRu,Eu2+,Ru2-
EuSb,Eu3+,Sb3-
EuTe,Eu2+,Te2-
EuW,Eu2+,W2-
EuRe,Eu3+,Re3-
EuOs,Eu2+,Os2-
EuIr,Eu3+,Ir3-
EuPt,Eu2+,Pt2-
EuBi,Eu3+,Bi3-
GdH,Gd1+,H1-
GdC,Gd1+,C1-
GdC,Gd2+,C2-
GdC,Gd3+,C3-
GdN,Gd1+,N1-
GdN,Gd2+,N2-
GdN,Gd3+,N3-
GdO,Gd1+,O1-
GdO,Gd2+,O2-
GdF,Gd1+,F1-
GdSi,Gd1+,Si1-
GdSi,Gd2+,Si2-
GdSi,Gd3+,Si3-
GdP,Gd1+,P1-
GdP,Gd2+,P2-
GdP,Gd3+,P3-
GdS,Gd1+,S1-
GdS,Gd2+,S2-
GdCl,Gd1+,Cl1-
GdTi,Gd1+,Ti1-
GdV,Gd1+,V1-
GdCr,Gd1+,Cr1-
GdCr,Gd2+,Cr2-
GdMn,Gd1+,Mn1-
GdMn,Gd2+,Mn2-
GdMn,Gd3+,Mn3-
GdFe,Gd1+,Fe1-
GdFe,Gd2+,Fe2-
GdCo,Gd1+,Co1-
GdNi,Gd1+,Ni1-
GdGe,Gd1+,Ge1-
GdGe,Gd2+,Ge2-
GdGe,Gd3+,Ge3-
GdAs,Gd3+,As3-
GdSe,Gd2+,Se2-
GdBr,Gd1+,Br1-
GdNb,Gd1+,Nb1-
GdMo,Gd1+,Mo1-
GdMo,Gd2+,Mo2-
GdRu,Gd2+,Ru2-
GdRh,Gd1+,Rh1-
GdSb,Gd3+,Sb3-
GdTe,Gd2+,Te2-
GdI,Gd1+,I1-
GdTa,Gd1+,Ta1-
GdW,Gd1+,W1-
GdW,Gd2+,W2-
GdRe,Gd1+,Re1-
GdRe,Gd3+,Re3-
GdOs,Gd1+,Os1-
GdOs,Gd2+,Os2-
GdIr,Gd1+,Ir1-
GdIr,Gd3+,Ir3-
GdPt,Gd1+,Pt1-
GdPt,Gd2+,Pt2-
GdAu,Gd1+,Au1-
GdTl,Gd1+,Tl1-
GdBi,Gd3+,Bi3-
TbH,Tb1+,H1-
TbC,Tb1+,C1-
TbC,Tb2+,C2-
TbC,Tb3+,C3-
TbC,Tb4+,C4-
TbN,Tb1+,N1-
TbN,Tb2+,N2-
TbN,Tb3+,N3-
TbO,Tb1+,O1-
TbO,Tb2+,O2-
TbF,Tb1+,F1-
TbSi,Tb1+,Si1-
TbSi,Tb2+,Si2-
TbSi,Tb3+,Si3-
TbSi,Tb4+,Si4-
TbP,Tb1+,P1-
TbP,Tb2+,P2-
TbP,Tb3+,P3-
TbS,Tb1+,S1-
TbS,Tb2+,S2-
TbCl,Tb1+,Cl1-
TbTi,Tb1+,Ti1-
TbV,Tb1+,V1-
TbCr,Tb1+,Cr1-
TbCr,Tb2+,Cr2-
TbMn,Tb1+,Mn1-
TbMn,Tb2+,Mn2-
TbMn,Tb3+,Mn3-
TbFe,Tb1+,Fe1-
TbFe,Tb2+,Fe2-
TbCo,Tb1+,Co1-
TbNi,Tb1+,Ni1-
TbGe,Tb1+,Ge1-
TbGe,Tb2+,Ge2-
TbGe,Tb3+,Ge3-
TbGe,Tb4+,Ge4-
TbAs,Tb3+,As3-
TbSe,Tb2+,Se2-
TbBr,Tb1+,Br1-
TbNb,Tb1+,Nb1-
TbMo,Tb1+,Mo1-
TbMo,Tb2+,Mo2-
TbRu,Tb2+,Ru2-
TbRh,Tb1+,Rh1-
TbSn,Tb4+,Sn4-
TbSb,Tb3+,Sb3-
TbTe,Tb2+,Te2-
TbI,Tb1+,I1-
TbTa,Tb1+,Ta1-
TbW,Tb1+,W1-
TbW,Tb2+,W2-
TbRe,Tb1+,Re1-
TbRe,Tb3+,Re3-
TbOs,Tb1+,Os1-
TbOs,Tb2+,Os2-
TbIr,Tb1+,Ir1-
TbIr,Tb3+,Ir3-
TbPt,Tb1+,Pt1-
TbPt,Tb2+,Pt2-
TbAu,Tb1+,Au1-
TbTl,Tb1+,Tl1-
TbPb,Tb4+,Pb4-
TbBi,Tb3+,Bi3-
DyC,Dy2+,C2-
DyC,Dy3+,C3-
DyC,Dy4+,C4-
DyN,Dy2+,N2-
DyN,Dy3+,N3-
DyO,Dy2+,O2-
DySi,Dy2+,Si2-
DySi,Dy3+,Si3-
DySi,Dy4+,Si4-
DyP,Dy2+,P2-
DyP,Dy3+,P3-
DyS,Dy2+,S2-
DyCr,Dy2+,Cr2-
DyMn,Dy2+,Mn2-
DyMn,Dy3+,Mn3-
DyFe,Dy2+,Fe2-
DyGe,Dy2+,Ge2-
DyGe,Dy3+,Ge3-
DyGe,Dy4+,Ge4-
DyAs,Dy3+,As3-
DySe,Dy2+,Se2-
DyMo,Dy2+,Mo2-
DyRu,Dy2+,Ru2-
DySn,Dy4+,Sn4-
DySb,Dy3+,Sb3-
DyTe,Dy2+,Te2-
DyW,Dy2+,W2-
DyRe,Dy3+,Re3-
DyOs,Dy2+,Os2-
DyIr,Dy3+,Ir3-
DyPt,Dy2+,Pt2-
DyPb,Dy4+,Pb4-
DyBi,Dy3+,Bi3-
HoC,Ho2+,C2-
HoC,Ho3+,C3-
HoN,Ho2+,N2-
HoN,Ho3+,N3-
HoO,Ho2+,O2-
HoSi,Ho2+,Si2-
HoSi,Ho3+,Si3-
HoP,Ho2+,P2-
HoP,Ho3+,P3-
HoS,Ho2+,S2-
HoCr,Ho2+,Cr2-
HoMn,Ho2+,Mn2-
HoMn,Ho3+,Mn3-
HoFe,Ho2+,Fe2-
HoGe,Ho2+,Ge2-
HoGe,Ho3+,Ge3-
HoAs,Ho3+,As3-
HoSe,Ho2+,Se2-
HoMo,Ho2+,Mo2-
HoRu,Ho2+,Ru2-
HoSb,Ho3+,Sb3-
HoTe,Ho2+,Te2-
HoW,Ho2+,W2-
HoRe,Ho3+,Re3-
HoOs,Ho2+,Os2-
HoIr,Ho3+,Ir3-
HoPt,Ho2+,Pt2-
HoBi,Ho3+,Bi3-
ErC,Er2+,C2-
ErC,Er3+,C3-
ErN,Er2+,N2-
ErN,Er3+,N3-
ErO,Er2+,O2-
ErSi,Er2+,Si2-
ErSi,Er3+,Si3-
ErP,Er2+,P2-
ErP,Er3+,P3-
ErS,Er2+,S2-
ErCr,Er2+,Cr2-
ErMn,Er2+,Mn2-
ErMn,Er3+,Mn3-
ErFe,Er2+,Fe2-
ErGe,Er2+,Ge2-
ErGe,Er3+,Ge3-
ErAs,Er3+,As3-
ErSe,Er2+,Se2-
ErMo,Er2+,Mo2-
ErRu,Er2+,Ru2-
ErSb,Er3+,Sb3-
ErTe,Er2+,Te2-
ErW,Er2+,W2-
ErRe,Er3+,Re3-
ErOs,Er2+,Os2-
ErIr,Er3+,Ir3-
ErPt,Er2+,Pt2-
ErBi,Er3+,Bi3-
TmC,Tm2+,C2-
TmC,Tm3+,C3-
TmN,Tm2+,N2-
TmN,Tm3+,N3-
TmO,Tm2+,O2-
TmSi,Tm2+,Si2-
TmSi,Tm3+,Si3-
TmP,Tm2+,P2-
TmP,Tm3+,P3-
TmS,Tm2+,S2-
TmCr,Tm2+,Cr2-
TmMn,Tm2+,Mn2-
TmMn,Tm3+,Mn3-
TmFe,Tm2+,Fe2-
TmGe,Tm2+,Ge2-
TmGe,Tm3+,Ge3-
TmAs,Tm3+,As3-
TmSe,Tm2+,Se2-
TmMo,Tm2+,Mo2-
TmRu,Tm2+,Ru2-
TmSb,Tm3+,Sb3-
TmTe,Tm2+,Te2-
TmW,Tm2+,W2-
TmRe,Tm3+,Re3-
TmOs,Tm2+,Os2-
TmIr,Tm3+,Ir3-
TmPt,Tm2+,Pt2-
TmBi,Tm3+,Bi3-
YbC,Yb2+,C2-
YbC,Yb3+,C3-
YbN,Yb2+,N2-
YbN,Yb3+,N3-
YbO,Yb2+,O2-
YbSi,Yb2+,Si2-
YbSi,Yb3+,Si3-
YbP,Yb2+,P2-
YbP,Yb3+,P3-
YbS,Yb2+,S2-
YbCr,Yb2+,Cr2-
YbMn,Yb2+,Mn2-
YbMn,Yb3+,Mn3-
YbFe,Yb2+,Fe2-
YbGe,Yb2+,Ge2-
YbGe,Yb3+,Ge3-
YbAs,Yb3+,As3-
YbSe,Yb2+,Se2-
YbMo,Yb2+,Mo2-
YbRu,Yb2+,Ru2-
YbSb,Yb3+,Sb3-
YbTe,Yb2+,Te2-
YbW,Yb2+,W2-
YbRe,Yb3+,Re3-
YbOs,Yb2+,Os2-
YbIr,Yb3+,Ir3-
YbPt,Yb2+,Pt2-
YbBi,Yb3+,Bi3-
LuC,Lu3+,C3-
LuN,Lu3+,N3-
LuSi,Lu3+,Si3-
LuP,Lu3+,P3-
LuMn,Lu3+,Mn3-
LuGe,Lu3+,Ge3-
LuAs,Lu3+,As3-
LuSb,Lu3+,Sb3-
LuRe,Lu3+,Re3-
LuIr,Lu3+,Ir3-
LuBi,Lu3+,Bi3-
HfC,Hf2+,C2-
HfC,Hf3+,C3-
HfC,Hf4+,C4-
HfN,Hf2+,N2-
HfN,Hf3+,N3-
HfO,Hf2+,O2-
HfSi,Hf2+,Si2-
HfSi,Hf3+,Si3-
HfSi,Hf4+,Si4-
HfP,Hf2+,P2-
HfP,Hf3+,P3-
HfS,Hf2+,S2-
HfCr,Hf2+,Cr2-
HfMn,Hf2+,Mn2-
HfMn,Hf3+,Mn3-
HfFe,Hf2+,Fe2-
HfGe,Hf2+,Ge2-
HfGe,Hf3+,Ge3-
HfGe,Hf4+,Ge4-
HfAs,Hf3+,As3-
HfSe,Hf2+,Se2-
HfMo,Hf2+,Mo2-
HfRu,Hf2+,Ru2-
HfSn,Hf4+,Sn4-
HfSb,Hf3+,Sb3-
HfTe,Hf2+,Te2-
HfW,Hf2+,W2-
HfRe,Hf3+,Re3-
HfOs,Hf2+,Os2-
HfIr,Hf3+,Ir3-
HfPt,Hf2+,Pt2-
HfPb,Hf4+,Pb4-
HfBi,Hf3+,Bi3-
LiTa,Ta1-,Li1+
TaC,Ta2+,C2-
TaC,Ta3+,C3-
TaC,Ta4+,C4-
TaN,Ta2+,N2-
TaN,Ta3+,N3-
TaO,Ta2+,O2-
NaTa,Ta1-,Na1+
MgTa,Ta1-,Mg1+
TaSi,Ta2+,Si2-
TaSi,Ta3+,Si3-
TaSi,Ta4+,Si4-
TaP,Ta2+,P2-
TaP,Ta3+,P3-
TaS,Ta2+,S2-
KTa,Ta1-,K1+
CaTa,Ta1-,Ca1+
ScTa,Ta1-,Sc1+
TaCr,Ta2+,Cr2-
TaMn,Ta2+,Mn2-
TaMn,Ta3+,Mn3-
TaFe,Ta2+,Fe2-
TaGe,Ta2+,Ge2-
TaGe,Ta3+,Ge3-
TaGe,Ta4+,Ge4-
TaAs,Ta3+,As3-
TaSe,Ta2+,Se2-
RbTa,Ta1-,Rb1+
SrTa,Ta1-,Sr1+
YTa,Ta1-,Y1+
ZrTa,Ta1-,Zr1+
TaMo,Ta2+,Mo2-
TaRu,Ta2+,Ru2-
TaSn,Ta4+,Sn4-
TaSb,Ta3+,Sb3-
TaTe,Ta2+,Te2-
CsTa,Ta1-,Cs1+
GdTa,Ta1-,Gd1+
TbTa,Ta1-,Tb1+
TaW,Ta2+,W2-
TaRe,Ta3+,Re3-
TaOs,Ta2+,Os2-
TaIr,Ta3+,Ir3-
TaPt,Ta2+,Pt2-
TaPb,Ta4+,Pb4-
TaBi,Ta3+,Bi3-
HW,W1+,H1-
LiW,W1-,Li1+
BeW,W2-,Be2+
BeW,W1-,Be1+
WC,W1+,C1-
WC,W2+,C2-
WC,W3+,C3-
WC,W4+,C4-
WN,W1+,N1-
WN,W2+,N2-
WN,W3+,N3-
WO,W1+,O1-
WO,W2+,O2-
WF,W1+,F1-
NaW,W1-,Na1+
MgW,W2-,Mg2+
MgW,W1-,Mg1+
AlW,W2-,Al2+
AlW,W1-,Al1+
SiW,W1+,Si1-
SiW,W2+,Si2-
SiW,W3+,Si3-
SiW,W4+,Si4-
PW,W1+,P1-
PW,W2+,P2-
PW,W3+,P3-
WS,W1+,S1-
WS,W2+,S2-
WCl,W1+,Cl1-
KW,W1-,K1+
CaW,W2-,Ca2+
CaW,W1-,Ca1+
ScW,W2-,Sc2+
ScW,W1-,Sc1+
TiW,W2-,Ti2+
TiW,W1-,Ti1+
VW,W2-,V2+
VW,W1-,V1+
CrW,W2-,Cr2+
CrW,W1-,Cr1+
MnW,W2-,Mn2+
MnW,W1-,Mn1+
FeW,W1+,Fe1-
FeW,W2+,Fe2-
CoW,W1+,Co1-
NiW,W1+,Ni1-
ZnW,W2-,Zn2+
ZnW,W1-,Zn1+
GeW,W1+,Ge1-
GeW,W2+,Ge2-
GeW,W3+,Ge3-
GeW,W4+,Ge4-
AsW,W3+,As3-
WSe,W2+,Se2-
WBr,W1+,Br1-
RbW,W1-,Rb1+
SrW,W2-,Sr2+
SrW,W1-,Sr1+
YW,W2-,Y2+
YW,W1-,Y1+
ZrW,W2-,Zr2+
ZrW,W1-,Zr1+
NbW,W2-,Nb2+
NbW,W1-,Nb1+
MoW,W1+,Mo1-
MoW,W2+,Mo2-
RuW,W2+,Ru2-
RhW,W1+,Rh1-
CdW,W2-,Cd2+
CdW,W1-,Cd1+
SnW,W4+,Sn4-
SbW,W3+,Sb3-
TeW,W2+,Te2-
WI,W1+,I1-
CsW,W1-,Cs1+
BaW,W2-,Ba2+
LaW,W2-,La2+
CeW,W2-,Ce2+
PrW,W2-,Pr2+
NdW,W2-,Nd2+
SmW,W2-,Sm2+
EuW,W2-,Eu2+
GdW,W2-,Gd2+
GdW,W1-,Gd1+
TbW,W2-,Tb2+
TbW,W1-,Tb1+
DyW,W2-,Dy2+
HoW,W2-,Ho2+
ErW,W2-,Er2+
TmW,W2-,Tm2+
YbW,W2-,Yb2+
HfW,W2-,Hf2+
TaW,W2-,Ta2+
ReW,W1+,Re1-
ReW,W3+,Re3-
OsW,W1+,Os1-
OsW,W2+,Os2-
IrW,W1+,Ir1-
IrW,W3+,Ir3-
PtW,W1+,Pt1-
PtW,W2+,Pt2-
WAu,W1+,Au1-
TlW,W1+,Tl1-
PbW,W4+,Pb4-
BiW,W3+,Bi3-
ReH,Re1+,H1-
LiRe,Re1-,Li1+
BeRe,Re1-,Be1+
ReC,Re1+,C1-
ReC,Re2+,C2-
ReC,Re3+,C3-
ReC,Re4+,C4-
ReN,Re1+,N1-
ReN,Re2+,N2-
ReN,Re3+,N3-
ReO,Re1+,O1-
ReO,Re2+,O2-
ReF,Re1+,F1-
NaRe,Re1-,Na1+
MgRe,Re1-,Mg1+
AlRe,Re3-,Al3+
AlRe,Re1-,Al1+
ReP,Re1+,P1-
ReP,Re2+,P2-
ReP,Re3+,P3-
ReS,Re1+,S1-
ReS,Re2+,S2-
ReCl,Re1+,Cl1-
KRe,Re1-,K1+
CaRe,Re1-,Ca1+
ScRe,Re3-,Sc3+
ScRe,Re1-,Sc1+
TiRe,Re3-,Ti3+
TiRe,Re1-,Ti1+
VRe,Re3-,V3+
VRe,Re1-,V1+
CrRe,Re3-,Cr3+
CrRe,Re1-,Cr1+
MnRe,Re3-,Mn3+
MnRe,Re1-,Mn1+
FeRe,Re3-,Fe3+
FeRe,Re1-,Fe1+
CoRe,Re3-,Co3+
CoRe,Re1-,Co1+
ReNi,Re1+,Ni1-
ZnRe,Re1-,Zn1+
GaRe,Re3-,Ga3+
GaRe,Re1-,Ga1+
ReGe,Re1+,Ge1-
ReGe,Re2+,Ge2-
ReGe,Re3+,Ge3-
ReGe,Re4+,Ge4-
ReAs,Re3+,As3-
ReSe,Re2+,Se2-
ReBr,Re1+,Br1-
RbRe,Re1-,Rb1+
SrRe,Re1-,Sr1+
YRe,Re3-,Y3+
YRe,Re1-,Y1+
ZrRe,Re3-,Zr3+
ZrRe,Re1-,Zr1+
NbRe,Re3-,Nb3+
NbRe,Re1-,Nb1+
ReMo,Re1+,Mo1-
ReMo,Re2+,Mo2-
ReRu,Re2+,Ru2-
ReRh,Re1+,Rh1-
CdRe,Re1-,Cd1+
InRe,Re3-,In3+
InRe,Re1-,In1+
ReSn,Re4+,Sn4-
ReSb,Re3+,Sb3-
ReTe,Re2+,Te2-
ReI,Re1+,I1-
CsRe,Re1-,Cs1+
LaRe,Re3-,La3+
CeRe,Re3-,Ce3+
PrRe,Re3-,Pr3+
NdRe,Re3-,Nd3+
SmRe,Re3-,Sm3+
EuRe,Re3-,Eu3+
GdRe,Re3-,Gd3+
GdRe,Re1-,Gd1+
TbRe,Re3-,Tb3+
TbRe,Re1-,Tb1+
DyRe,Re3-,Dy3+
HoRe,Re3-,Ho3+
ErRe,Re3-,Er3+
TmRe,Re3-,Tm3+
YbRe,Re3-,Yb3+
LuRe,Re3-,Lu3+
HfRe,Re3-,Hf3+
TaRe,Re3-,Ta3+
ReW,Re3-,W3+
ReW,Re1-,W1+
ReOs,Re1+,Os1-
ReOs,Re2+,Os2-
ReIr,Re1+,Ir1-
ReIr,Re3+,Ir3-
RePt,Re1+,Pt1-
RePt,Re2+,Pt2-
ReAu,Re1+,Au1-
TlRe,Re3-,Tl3+
TlRe,Re1-,Tl1+
LiOs,Os1-,Li1+
BeOs,Os2-,Be2+
BeOs,Os1-,Be1+
BOs,Os2-,B2+
BOs,Os1-,B1+
OsC,Os1+,C1-
OsC,Os2+,C2-
OsC,Os3+,C3-
OsC,Os4+,C4-
OsN,Os1+,N1-
OsN,Os2+,N2-
OsN,Os3+,N3-
OsO,Os1+,O1-
OsO,Os2+,O2-
OsF,Os1+,F1-
NaOs,Os1-,Na1+
MgOs,Os2-,Mg2+
MgOs,Os1-,Mg1+
AlOs,Os2-,Al2+
AlOs,Os1-,Al1+
SiOs,Os2-,Si2+
SiOs,Os1-,Si1+
POs,Os2-,P2+
POs,Os1-,P1+
OsS,Os1+,S1-
OsS,Os2+,S2-
OsCl,Os1+,Cl1-
KOs,Os1-,K1+
CaOs,Os2-,Ca2+
CaOs,Os1-,Ca1+
ScOs,Os2-,Sc2+
ScOs,Os1-,Sc1+
TiOs,Os2-,Ti2+
TiOs,Os1-,Ti1+
VOs,Os2-,V2+
VOs,Os1-,V1+
CrOs,Os2-,Cr2+
CrOs,Os1-,Cr1+
MnOs,Os2-,Mn2+
MnOs,Os1-,Mn1+
FeOs,Os2-,Fe2+
FeOs,Os1-,Fe1+
CoOs,Os2-,Co2+
CoOs,Os1-,Co1+
NiOs,Os2-,Ni2+
NiOs,Os1-,Ni1+
CuOs,Os2-,Cu2+
CuOs,Os1-,Cu1+
ZnOs,Os2-,Zn2+
ZnOs,Os1-,Zn1+
GaOs,Os2-,Ga2+
GaOs,Os1-,Ga1+
GeOs,Os2-,Ge2+
GeOs,Os1-,Ge1+
AsOs,Os2-,As2+
AsOs,Os1-,As1+
OsSe,Os2+,Se2-
OsBr,Os1+,Br1-
RbOs,Os1-,Rb1+
SrOs,Os2-,Sr2+
SrOs,Os1-,Sr1+
YOs,Os2-,Y2+
YOs,Os1-,Y1+
ZrOs,Os2-,Zr2+
ZrOs,Os1-,Zr1+
NbOs,Os2-,Nb2+
NbOs,Os1-,Nb1+
MoOs,Os2-,Mo2+
MoOs,Os1-,Mo1+
OsRh,Os1+,Rh1-
AgOs,Os2-,Ag2+
AgOs,Os1-,Ag1+
CdOs,Os2-,Cd2+
CdOs,Os1-,Cd1+
InOs,Os2-,In2+
InOs,Os1-,In1+
SnOs,Os2-,Sn2+
TeOs,Os2-,Te2+
OsI,Os1+,I1-
CsOs,Os1-,Cs1+
BaOs,Os2-,Ba2+
LaOs,Os2-,La2+
CeOs,Os2-,Ce2+
PrOs,Os2-,Pr2+
NdOs,Os2-,Nd2+
SmOs,Os2-,Sm2+
EuOs,Os2-,Eu2+
GdOs,Os2-,Gd2+
GdOs,Os1-,Gd1+
TbOs,Os2-,Tb2+
TbOs,Os1-,Tb1+
DyOs,Os2-,Dy2+
HoOs,Os2-,Ho2+
ErOs,Os2-,Er2+
TmOs,Os2-,Tm2+
YbOs,Os2-,Yb2+
HfOs,Os2-,Hf2+
TaOs,Os2-,Ta2+
OsW,Os2-,W2+
OsW,Os1-,W1+
ReOs,Os2-,Re2+
ReOs,Os1-,Re1+
OsAu,Os1+,Au1-
HgOs,Os2-,Hg2+
HgOs,Os1-,Hg1+
TlOs,Os1-,Tl1+
OsPb,Os2-,Pb2+
BiOs,Os1-,Bi1+
LiIr,Ir1-,Li1+
BeIr,Ir1-,Be1+
BIr,Ir3-,B3+
BIr,Ir1-,B1+
IrC,Ir1+,C1-
IrC,Ir2+,C2-
IrC,Ir3+,C3-
IrC,Ir4+,C4-
IrN,Ir1+,N1-
IrN,Ir2+,N2-
IrN,Ir3+,N3-
IrO,Ir1+,O1-
IrO,Ir2+,O2-
IrF,Ir1+,F1-
NaIr,Ir1-,Na1+
MgIr,Ir1-,Mg1+
AlIr,Ir3-,Al3+
AlIr,Ir1-,Al1+
SiIr,Ir3-,Si3+
SiIr,Ir1-,Si1+
PIr,Ir3-,P3+
PIr,Ir1-,P1+
IrS,Ir1+,S1-
IrS,Ir2+,S2-
IrCl,Ir1+,Cl1-
KIr,Ir1-,K1+
CaIr,Ir1-,Ca1+
ScIr,Ir3-,Sc3+
ScIr,Ir1-,Sc1+
TiIr,Ir3-,Ti3+
TiIr,Ir1-,Ti1+
VIr,Ir3-,V3+
VIr,Ir1-,V1+
CrIr,Ir3-,Cr3+
CrIr,Ir1-,Cr1+
MnIr,Ir3-,Mn3+
MnIr,Ir1-,Mn1+
FeIr,Ir3-,Fe3+
FeIr,Ir1-,Fe1+
CoIr,Ir3-,Co3+
CoIr,Ir1-,Co1+
NiIr,Ir3-,Ni3+
NiIr,Ir1-,Ni1+
CuIr,Ir3-,Cu3+
CuIr,Ir1-,Cu1+
ZnIr,Ir1-,Zn1+
GaIr,Ir3-,Ga3+
GaIr,Ir1-,Ga1+
GeIr,Ir3-,Ge3+
GeIr,Ir1-,Ge1+
AsIr,Ir3-,As3+
AsIr,Ir1-,As1+
IrSe,Ir2+,Se2-
IrBr,Ir1+,Br1-
RbIr,Ir1-,Rb1+
SrIr,Ir1-,Sr1+
YIr,Ir3-,Y3+
YIr,Ir1-,Y1+
ZrIr,Ir3-,Zr3+
ZrIr,Ir1-,Zr1+
NbIr,Ir3-,Nb3+
NbIr,Ir1-,Nb1+
MoIr,Ir3-,Mo3+
MoIr,Ir1-,Mo1+
IrRh,Ir1+,Rh1-
AgIr,Ir3-,Ag3+
AgIr,Ir1-,Ag1+
CdIr,Ir1-,Cd1+
InIr,Ir3-,In3+
InIr,Ir1-,In1+
SbIr,Ir3-,Sb3+
IrI,Ir1+,I1-
CsIr,Ir1-,Cs1+
LaIr,Ir3-,La3+
CeIr,Ir3-,Ce3+
PrIr,Ir3-,Pr3+
NdIr,Ir3-,Nd3+
SmIr,Ir3-,Sm3+
EuIr,Ir3-,Eu3+
GdIr,Ir3-,Gd3+
GdIr,Ir1-,Gd1+
TbIr,Ir3-,Tb3+
TbIr,Ir1-,Tb1+
DyIr,Ir3-,Dy3+
HoIr,Ir3-,Ho3+
ErIr,Ir3-,Er3+
TmIr,Ir3-,Tm3+
YbIr,Ir3-,Yb3+
LuIr,Ir3-,Lu3+
HfIr,Ir3-,Hf3+
TaIr,Ir3-,Ta3+
IrW,Ir3-,W3+
IrW,Ir1-,W1+
ReIr,Ir3-,Re3+
ReIr,Ir1-,Re1+
IrAu,Ir1+,Au1-
HgIr,Ir1-,Hg1+
TlIr,Ir3-,Tl3+
TlIr,Ir1-,Tl1+
BiIr,Ir3-,Bi3+
BiIr,Ir1-,Bi1+
LiPt,Pt1-,Li1+
BePt,Pt2-,Be2+
BePt,Pt1-,Be1+
BPt,Pt2-,B2+
BPt,Pt1-,B1+
PtC,Pt1+,C1-
PtC,Pt2+,C2-
PtC,Pt3+,C3-
PtC,Pt4+,C4-
PtN,Pt1+,N1-
PtN,Pt2+,N2-
PtN,Pt3+,N3-
PtO,Pt1+,O1-
PtO,Pt2+,O2-
PtF,Pt1+,F1-
NaPt,Pt1-,Na1+
MgPt,Pt2-,Mg2+
MgPt,Pt1-,Mg1+
AlPt,Pt2-,Al2+
AlPt,Pt1-,Al1+
SiPt,Pt2-,Si2+
SiPt,Pt1-,Si1+
PPt,Pt2-,P2+
PPt,Pt1-,P1+
PtS,Pt1+,S1-
PtS,Pt2+,S2-
PtCl,Pt1+,Cl1-
KPt,Pt1-,K1+
CaPt,Pt2-,Ca2+
CaPt,Pt1-,Ca1+
ScPt,Pt2-,Sc2+
ScPt,Pt1-,Sc1+
TiPt,Pt2-,Ti2+
TiPt,Pt1-,Ti1+
VPt,Pt2-,V2+
VPt,Pt1-,V1+
CrPt,Pt2-,Cr2+
CrPt,Pt1-,Cr1+
MnPt,Pt2-,Mn2+
MnPt,Pt1-,Mn1+
FePt,Pt2-,Fe2+
FePt,Pt1-,Fe1+
CoPt,Pt2-,Co2+
CoPt,Pt1-,Co1+
NiPt,Pt2-,Ni2+
NiPt,Pt1-,Ni1+
CuPt,Pt2-,Cu2+
CuPt,Pt1-,Cu1+
ZnPt,Pt2-,Zn2+
ZnPt,Pt1-,Zn1+
GaPt,Pt2-,Ga2+
GaPt,Pt1-,Ga1+
GePt,Pt2-,Ge2+
GePt,Pt1-,Ge1+
AsPt,Pt2-,As2+
AsPt,Pt1-,As1+
PtSe,Pt2+,Se2-
PtBr,Pt1+,Br1-
RbPt,Pt1-,Rb1+
SrPt,Pt2-,Sr2+
SrPt,Pt1-,Sr1+
YPt,Pt2-,Y2+
YPt,Pt1-,Y1+
ZrPt,Pt2-,Zr2+
ZrPt,Pt1-,Zr1+
NbPt,Pt2-,Nb2+
NbPt,Pt1-,Nb1+
MoPt,Pt2-,Mo2+
MoPt,Pt1-,Mo1+
PtRh,Pt1+,Rh1-
AgPt,Pt2-,Ag2+
AgPt,Pt1-,Ag1+
CdPt,Pt2-,Cd2+
CdPt,Pt1-,Cd1+
InPt,Pt2-,In2+
InPt,Pt1-,In1+
SnPt,Pt2-,Sn2+
TePt,Pt2-,Te2+
PtI,Pt1+,I1-
CsPt,Pt1-,Cs1+
BaPt,Pt2-,Ba2+
LaPt,Pt2-,La2+
CePt,Pt2-,Ce2+
PrPt,Pt2-,Pr2+
NdPt,Pt2-,Nd2+
SmPt,Pt2-,Sm2+
EuPt,Pt2-,Eu2+
GdPt,Pt2-,Gd2+
GdPt,Pt1-,Gd1+
TbPt,Pt2-,Tb2+
TbPt,Pt1-,Tb1+
DyPt,Pt2-,Dy2+
HoPt,Pt2-,Ho2+
ErPt,Pt2-,Er2+
TmPt,Pt2-,Tm2+
YbPt,Pt2-,Yb2+
HfPt,Pt2-,Hf2+
TaPt,Pt2-,Ta2+
PtW,Pt2-,W2+
PtW,Pt1-,W1+
RePt,Pt2-,Re2+
RePt,Pt1-,Re1+
PtAu,Pt1+,Au1-
HgPt,Pt2-,Hg2+
HgPt,Pt1-,Hg1+
TlPt,Pt1-,Tl1+
PtPb,Pt2-,Pb2+
BiPt,Pt1-,Bi1+
HAu,Au1-,H1+
LiAu,Au1-,Li1+
BeAu,Au1-,Be1+
BAu,Au1-,B1+
AuC,Au1+,C1-
AuC,Au2+,C2-
AuC,Au3+,C3-
AuN,Au1+,N1-
AuN,Au2+,N2-
AuN,Au3+,N3-
AuO,Au1+,O1-
AuO,Au2+,O2-
AuF,Au1+,F1-
NaAu,Au1-,Na1+
MgAu,Au1-,Mg1+
AlAu,Au1-,Al1+
SiAu,Au1-,Si1+
PAu,Au1-,P1+
AuS,Au1+,S1-
AuS,Au2+,S2-
AuCl,Au1+,Cl1-
KAu,Au1-,K1+
CaAu,Au1-,Ca1+
ScAu,Au1-,Sc1+
TiAu,Au1-,Ti1+
VAu,Au1-,V1+
CrAu,Au1-,Cr1+
MnAu,Au1-,Mn1+
FeAu,Au1-,Fe1+
CoAu,Au1-,Co1+
NiAu,Au1-,Ni1+
CuAu,Au1-,Cu1+
ZnAu,Au1-,Zn1+
GaAu,Au1-,Ga1+
GeAu,Au1-,Ge1+
AsAu,Au1-,As1+
AuSe,Au2+,Se2-
AuBr,Au1+,Br1-
RbAu,Au1-,Rb1+
SrAu,Au1-,Sr1+
YAu,Au1-,Y1+
ZrAu,Au1-,Zr1+
NbAu,Au1-,Nb1+
MoAu,Au1-,Mo1+
RuAu,Au1-,Ru1+
RhAu,Au1-,Rh1+
PdAu,Au1-,Pd1+
AgAu,Au1-,Ag1+
CdAu,Au1-,Cd1+
InAu,Au1-,In1+
AuI,Au1+,I1-
CsAu,Au1-,Cs1+
GdAu,Au1-,Gd1+
TbAu,Au1-,Tb1+
WAu,Au1-,W1+
ReAu,Au1-,Re1+
OsAu,Au1-,Os1+
IrAu,Au1-,Ir1+
PtAu,Au1-,Pt1+
HgAu,Au1-,Hg1+
TlAu,Au1-,Tl1+
BiAu,Au1-,Bi1+
HgH,Hg1+,H1-
HgC,Hg1+,C1-
HgC,Hg2+,C2-
HgC,Hg4+,C4-
HgN,Hg1+,N1-
HgN,Hg2+,N2-
HgO,Hg1+,O1-
HgO,Hg2+,O2-
HgF,Hg1+,F1-
HgP,Hg1+,P1-
HgP,Hg2+,P2-
HgS,Hg1+,S1-
HgS,Hg2+,S2-
HgCl,Hg1+,Cl1-
NiHg,Hg1+,Ni1-
HgGe,Hg1+,Ge1-
HgGe,Hg2+,Ge2-
HgGe,Hg4+,Ge4-
HgSe,Hg2+,Se2-
HgBr,Hg1+,Br1-
HgMo,Hg1+,Mo1-
HgMo,Hg2+,Mo2-
HgRu,Hg2+,Ru2-
HgRh,Hg1+,Rh1-
SnHg,Hg4+,Sn4-
HgTe,Hg2+,Te2-
HgI,Hg1+,I1-
HgOs,Hg1+,Os1-
HgOs,Hg2+,Os2-
HgIr,Hg1+,Ir1-
HgPt,Hg1+,Pt1-
HgPt,Hg2+,Pt2-
HgAu,Hg1+,Au1-
TlH,Tl1+,H1-
LiTl,Tl1-,Li1+
BeTl,Tl1-,Be1+
TlC,Tl1+,C1-
TlC,Tl3+,C3-
TlN,Tl1+,N1-
TlN,Tl3+,N3-
TlO,Tl1+,O1-
TlF,Tl1+,F1-
NaTl,Tl1-,Na1+
MgTl,Tl1-,Mg1+
AlTl,Tl1-,Al1+
TlSi,Tl1+,Si1-
TlSi,Tl3+,Si3-
TlP,Tl1+,P1-
TlP,Tl3+,P3-
TlS,Tl1+,S1-
TlCl,Tl1+,Cl1-
KTl,Tl1-,K1+
CaTl,Tl1-,Ca1+
ScTl,Tl1-,Sc1+
TiTl,Tl1-,Ti1+
TlV,Tl1-,V1+
TlCr,Tl1-,Cr1+
MnTl,Tl1-,Mn1+
TlFe,Tl1+,Fe1-
TlCo,Tl1+,Co1-
TlNi,Tl1+,Ni1-
TlZn,Tl1-,Zn1+
TlGe,Tl1+,Ge1-
TlGe,Tl3+,Ge3-
TlAs,Tl3+,As3-
TlBr,Tl1+,Br1-
RbTl,Tl1-,Rb1+
SrTl,Tl1-,Sr1+
YTl,Tl1-,Y1+
ZrTl,Tl1-,Zr1+
NbTl,Tl1-,Nb1+
TlMo,Tl1+,Mo1-
TlRh,Tl1+,Rh1-
TlCd,Tl1-,Cd1+
TlIn,Tl1-,In1+
TlSb,Tl3+,Sb3-
TlI,Tl1+,I1-
CsTl,Tl1-,Cs1+
GdTl,Tl1-,Gd1+
TbTl,Tl1-,Tb1+
TlW,Tl1-,W1+
TlRe,Tl1+,Re1-
TlRe,Tl3+,Re3-
TlOs,Tl1+,Os1-
TlIr,Tl1+,Ir1-
TlIr,Tl3+,Ir3-
TlPt,Tl1+,Pt1-
TlAu,Tl1+,Au1-
TlBi,Tl3+,Bi3-
PbC,Pb2+,C2-
PbC,Pb4+,C4-
PbN,Pb2+,N2-
PbO,Pb2+,O2-
SiPb,Pb2+,Si2-
SiPb,Pb4+,Si4-
PPb,Pb2+,P2-
PbS,Pb2+,S2-
TiPb,Pb4-,Ti4+
VPb,Pb4-,V4+
CrPb,Pb4-,Cr4+
MnPb,Pb4-,Mn4+
FePb,Pb2+,Fe2-
GePb,Pb2+,Ge2-
GePb,Pb4+,Ge4-
PbSe,Pb2+,Se2-
ZrPb,Pb4-,Zr4+
NbPb,Pb4-,Nb4+
MoPb,Pb2+,Mo2-
RuPb,Pb2+,Ru2-
SnPb,Pb4+,Sn4-
TePb,Pb2+,Te2-
CePb,Pb4-,Ce4+
PrPb,Pb4-,Pr4+
NdPb,Pb4-,Nd4+
TbPb,Pb4-,Tb4+
DyPb,Pb4-,Dy4+
HfPb,Pb4-,Hf4+
TaPb,Pb4-,Ta4+
PbW,Pb4-,W4+
OsPb,Pb2+,Os2-
PtPb,Pb2+,Pt2-
BiH,Bi1+,H1-
BiC,Bi1+,C1-
BiC,Bi3+,C3-
BiN,Bi1+,N1-
BiN,Bi3+,N3-
BiO,Bi1+,O1-
BiF,Bi1+,F1-
AlBi,Bi3-,Al3+
BiP,Bi1+,P1-
BiP,Bi3+,P3-
BiS,Bi1+,S1-
BiCl,Bi1+,Cl1-
ScBi,Bi3-,Sc3+
TiBi,Bi3-,Ti3+
VBi,Bi3-,V3+
CrBi,Bi3-,Cr3+
MnBi,Bi3-,Mn3+
FeBi,Bi3-,Fe3+
CoBi,Bi3-,Co3+
NiBi,Bi1+,Ni1-
GaBi,Bi3-,Ga3+
GeBi,Bi1+,Ge1-
GeBi,Bi3+,Ge3-
BiAs,Bi3+,As3-
BiBr,Bi1+,Br1-
YBi,Bi3-,Y3+
ZrBi,Bi3-,Zr3+
NbBi,Bi3-,Nb3+
BiMo,Bi1+,Mo1-
BiRh,Bi1+,Rh1-
InBi,Bi3-,In3+
BiSb,Bi3+,Sb3-
BiI,Bi1+,I1-
LaBi,Bi3-,La3+
CeBi,Bi3-,Ce3+
PrBi,Bi3-,Pr3+
NdBi,Bi3-,Nd3+
SmBi,Bi3-,Sm3+
EuBi,Bi3-,Eu3+
GdBi,Bi3-,Gd3+
TbBi,Bi3-,Tb3+
DyBi,Bi3-,Dy3+
HoBi,Bi3-,Ho3+
ErBi,Bi3-,Er3+
TmBi,Bi3-,Tm3+
YbBi,Bi3-,Yb3+
LuBi,Bi3-,Lu3+
HfBi,Bi3-,Hf3+
TaBi,Bi3-,Ta3+
BiW,Bi3-,W3+
BiOs,Bi1+,Os1-
BiIr,Bi1+,Ir1-
BiIr,Bi3+,Ir3-
BiPt,Bi1+,Pt1-
BiAu,Bi1+,Au1-
TlBi,Bi3-,Tl3+
